duid,fy_start,fy_label,curtailment_pct,grid_curtailment_pct,generation_mwh,months_covered
ADPPV1,2020,FY20-21,0.0,,106.0,2
ADPPV1,2021,FY21-22,0.0718,,1762.0,11
ADPPV1,2022,FY22-23,0.2064,,14423.0,12
ADPPV1,2023,FY23-24,0.2903,,26346.0,12
ADPPV1,2024,FY24-25,0.256,0.2645,28436.0,12
ADPPV1,2025,FY25-26,0.405,0.4048,10877.0,8
ALDGASF1,2024,FY24-25,0.0152,0.0233,30560.0,3
ALDGASF1,2025,FY25-26,0.13,0.1292,580332.0,9
ARWF1,2020,FY20-21,0.0499,,157426.0,4
ARWF1,2021,FY21-22,0.0582,,546304.0,12
ARWF1,2022,FY22-23,0.1424,,429481.0,12
ARWF1,2023,FY23-24,0.0756,,467286.0,12
ARWF1,2024,FY24-25,0.0482,0.0497,464718.0,12
ARWF1,2025,FY25-26,0.0688,0.0688,374424.0,9
AVLSF1,2022,FY22-23,0.1221,,6201.0,4
AVLSF1,2023,FY23-24,0.0511,,411377.0,12
AVLSF1,2024,FY24-25,0.1441,0.1479,394464.0,12
AVLSF1,2025,FY25-26,0.1975,0.1975,288628.0,9
BALDHWF1,2020,FY20-21,0.0014,,106808.0,4
BALDHWF1,2021,FY21-22,0.0037,,369888.0,12
BALDHWF1,2022,FY22-23,0.005,,344862.0,12
BALDHWF1,2023,FY23-24,0.0078,,320076.0,12
BALDHWF1,2024,FY24-25,0.0051,0.0054,335439.0,12
BALDHWF1,2025,FY25-26,0.0035,0.0035,291868.0,9
BANGOWF1,2020,FY20-21,0.0,,930.0,4
BANGOWF1,2021,FY21-22,0.0468,,113003.0,12
BANGOWF1,2022,FY22-23,0.039,,290050.0,12
BANGOWF1,2023,FY23-24,0.042,,331585.0,12
BANGOWF1,2024,FY24-25,0.0528,0.0304,371908.0,12
BANGOWF1,2025,FY25-26,0.0694,0.0617,332090.0,9
BANGOWF2,2020,FY20-21,0.0,,3.0,1
BANGOWF2,2021,FY21-22,0.0424,,29609.0,12
BANGOWF2,2022,FY22-23,0.0576,,185276.0,12
BANGOWF2,2023,FY23-24,0.0983,,205932.0,12
BANGOWF2,2024,FY24-25,0.1308,0.1022,207493.0,12
BANGOWF2,2025,FY25-26,0.1601,0.1601,179738.0,9
BANN1,2020,FY20-21,0.0692,,47241.0,4
BANN1,2021,FY21-22,0.1953,,141976.0,12
BANN1,2022,FY22-23,0.2089,,149055.0,12
BANN1,2023,FY23-24,0.3236,,125464.0,12
BANN1,2024,FY24-25,0.2465,0.1973,137192.0,12
BANN1,2025,FY25-26,0.1881,0.1869,135067.0,9
BERYLSF1,2020,FY20-21,0.0196,,50917.0,4
BERYLSF1,2021,FY21-22,0.0582,,169018.0,12
BERYLSF1,2022,FY22-23,0.038,,181336.0,12
BERYLSF1,2023,FY23-24,0.0521,,192456.0,12
BERYLSF1,2024,FY24-25,0.128,0.1084,162169.0,12
BERYLSF1,2025,FY25-26,0.0923,0.0888,116341.0,9
BLUEGSF1,2022,FY22-23,0.0363,,270815.0,11
BLUEGSF1,2023,FY23-24,0.0523,,368068.0,12
BLUEGSF1,2024,FY24-25,0.0221,0.0034,386984.0,12
BLUEGSF1,2025,FY25-26,0.0139,0.013,221886.0,9
BLUFF1,2020,FY20-21,0.0391,,40238.0,4
BLUFF1,2021,FY21-22,0.0895,,139352.0,12
BLUFF1,2022,FY22-23,0.0779,,139378.0,12
BLUFF1,2023,FY23-24,0.1016,,97955.0,12
BLUFF1,2024,FY24-25,0.0847,0.0936,104074.0,12
BLUFF1,2025,FY25-26,0.2026,0.2024,80885.0,9
BNGSF1,2020,FY20-21,0.0548,,68182.0,4
BNGSF1,2021,FY21-22,0.0794,,248351.0,12
BNGSF1,2022,FY22-23,0.0988,,242931.0,12
BNGSF1,2023,FY23-24,0.2073,,221222.0,12
BNGSF1,2024,FY24-25,0.3235,0.2978,186458.0,12
BNGSF1,2025,FY25-26,0.405,0.4025,116794.0,9
BNGSF2,2020,FY20-21,0.0549,,69405.0,4
BNGSF2,2021,FY21-22,0.0803,,254039.0,12
BNGSF2,2022,FY22-23,0.0812,,249667.0,12
BNGSF2,2023,FY23-24,0.1744,,239099.0,12
BNGSF2,2024,FY24-25,0.2766,0.2369,200544.0,12
BNGSF2,2025,FY25-26,0.3573,0.3513,139971.0,9
BOCORWF1,2020,FY20-21,0.001,,95440.0,4
BOCORWF1,2021,FY21-22,0.0061,,305238.0,11
BOCORWF1,2022,FY22-23,0.0098,,332966.0,12
BOCORWF1,2023,FY23-24,0.006,,281409.0,12
BOCORWF1,2024,FY24-25,0.0143,0.0153,319869.0,12
BOCORWF1,2025,FY25-26,0.0054,0.0075,276699.0,9
BODWF1,2020,FY20-21,0.0055,,97648.0,4
BODWF1,2021,FY21-22,0.0114,,364645.0,12
BODWF1,2022,FY22-23,0.0101,,332738.0,12
BODWF1,2023,FY23-24,0.0213,,278292.0,12
BODWF1,2024,FY24-25,0.0265,0.0294,270664.0,12
BODWF1,2025,FY25-26,0.0225,0.0254,226139.0,9
BOMENSF1,2020,FY20-21,0.0033,,56028.0,4
BOMENSF1,2021,FY21-22,0.0,,205733.0,12
BOMENSF1,2022,FY22-23,0.0279,,195394.0,12
BOMENSF1,2023,FY23-24,0.132,,174960.0,12
BOMENSF1,2024,FY24-25,0.123,0.1199,163175.0,12
BOMENSF1,2025,FY25-26,0.1134,0.1131,126556.0,9
BOWWPV1,2021,FY21-22,0.0702,,190.0,4
BOWWPV1,2022,FY22-23,0.2902,,4652.0,9
BOWWPV1,2023,FY23-24,0.2212,,8187.0,10
BOWWPV1,2024,FY24-25,0.1726,0.1665,11737.0,12
BOWWPV1,2025,FY25-26,0.2359,0.2344,6987.0,9
BRDDSF01,2025,FY25-26,0.1161,0.0883,2056.0,3
BROKENH1,2020,FY20-21,0.0719,,34258.0,4
BROKENH1,2021,FY21-22,0.0933,,108285.0,12
BROKENH1,2022,FY22-23,0.0757,,100927.0,12
BROKENH1,2023,FY23-24,0.115,,105831.0,12
BROKENH1,2024,FY24-25,0.1492,0.1263,91491.0,12
BROKENH1,2025,FY25-26,0.2331,0.208,60149.0,9
BRYB1WF1,2020,FY20-21,0.0373,,151164.0,4
BRYB1WF1,2021,FY21-22,0.0121,,613190.0,12
BRYB1WF1,2022,FY22-23,0.0329,,538659.0,12
BRYB1WF1,2023,FY23-24,0.045,,485600.0,12
BRYB1WF1,2024,FY24-25,0.0316,0.0279,549491.0,12
BRYB1WF1,2025,FY25-26,0.0191,0.019,435932.0,9
BRYB2WF2,2022,FY22-23,0.0691,,80690.0,8
BRYB2WF2,2023,FY23-24,0.2041,,226722.0,12
BRYB2WF2,2024,FY24-25,0.1906,0.2077,271029.0,12
BRYB2WF2,2025,FY25-26,0.098,0.0979,251575.0,9
BULGANA1,2020,FY20-21,0.0165,,126295.0,4
BULGANA1,2021,FY21-22,0.0503,,513937.0,12
BULGANA1,2022,FY22-23,0.0888,,491828.0,12
BULGANA1,2023,FY23-24,0.0347,,497661.0,12
BULGANA1,2024,FY24-25,0.0284,0.0326,402891.0,12
BULGANA1,2025,FY25-26,0.0129,0.0207,261348.0,9
BUSF1,2025,FY25-26,0.134,0.1338,4236.0,1
CATHROCK,2021,FY21-22,0.1147,,68981.0,5
CATHROCK,2022,FY22-23,0.1527,,139515.0,12
CATHROCK,2023,FY23-24,0.1389,,135722.0,12
CATHROCK,2024,FY24-25,0.0515,0.0414,157563.0,12
CATHROCK,2025,FY25-26,0.0413,0.0412,121398.0,9
CHILDSF1,2020,FY20-21,0.0072,,32184.0,4
CHILDSF1,2021,FY21-22,0.0291,,112707.0,12
CHILDSF1,2022,FY22-23,0.0129,,105753.0,12
CHILDSF1,2023,FY23-24,0.0033,,96895.0,12
CHILDSF1,2024,FY24-25,0.1154,0.0954,91791.0,12
CHILDSF1,2025,FY25-26,0.2737,0.2729,64172.0,9
CHYTWF1,2020,FY20-21,0.0064,,54643.0,4
CHYTWF1,2021,FY21-22,0.0317,,174432.0,12
CHYTWF1,2022,FY22-23,0.0186,,166104.0,12
CHYTWF1,2023,FY23-24,0.0578,,175804.0,12
CHYTWF1,2024,FY24-25,0.0958,0.0992,172914.0,12
CHYTWF1,2025,FY25-26,0.132,0.1319,120501.0,9
CLARESF1,2020,FY20-21,0.0139,,62594.0,4
CLARESF1,2021,FY21-22,0.0974,,209204.0,12
CLARESF1,2022,FY22-23,0.157,,182042.0,12
CLARESF1,2023,FY23-24,0.2171,,152108.0,12
CLARESF1,2024,FY24-25,0.1651,0.1532,188210.0,12
CLARESF1,2025,FY25-26,0.2975,0.1845,116937.0,9
CLEMGPWF,2020,FY20-21,0.037,,46628.0,4
CLEMGPWF,2021,FY21-22,0.0442,,174856.0,12
CLEMGPWF,2022,FY22-23,0.0402,,170335.0,12
CLEMGPWF,2023,FY23-24,0.0134,,166606.0,12
CLEMGPWF,2024,FY24-25,0.0062,0.0105,174474.0,12
CLEMGPWF,2025,FY25-26,0.0221,0.022,137654.0,9
CLERMSF1,2020,FY20-21,0.0302,,51185.0,4
CLERMSF1,2021,FY21-22,0.0609,,151655.0,12
CLERMSF1,2022,FY22-23,0.0308,,161731.0,12
CLERMSF1,2023,FY23-24,0.0251,,162018.0,12
CLERMSF1,2024,FY24-25,0.0201,0.0169,166288.0,12
CLERMSF1,2025,FY25-26,0.0929,0.0927,102310.0,9
CLRKCWF1,2024,FY24-25,0.0109,0.0145,193262.0,9
CLRKCWF1,2025,FY25-26,0.0467,0.0411,867796.0,9
CLRKCWF2,2024,FY24-25,0.0,,203.0,1
CLRKCWF2,2025,FY25-26,0.0365,0.0228,166728.0,9
CNUNDAWF,2021,FY21-22,0.081,,64322.0,7
CNUNDAWF,2022,FY22-23,0.1447,,104869.0,12
CNUNDAWF,2023,FY23-24,0.1746,,93209.0,12
CNUNDAWF,2024,FY24-25,0.254,0.2678,88459.0,12
CNUNDAWF,2025,FY25-26,0.3291,0.3281,66801.0,9
COHUNSF1,2020,FY20-21,0.3417,,3040.0,4
COHUNSF1,2021,FY21-22,0.2258,,10943.0,8
COHUNSF1,2022,FY22-23,0.148,,40477.0,12
COHUNSF1,2023,FY23-24,0.1519,,30820.0,9
COHUNSF1,2024,FY24-25,0.2622,0.2462,6946.0,5
COHUNSF1,2025,FY25-26,0.2655,0.2565,26755.0,9
COLEASF1,2020,FY20-21,0.0485,,86876.0,4
COLEASF1,2021,FY21-22,0.0778,,299205.0,12
COLEASF1,2022,FY22-23,0.0568,,306351.0,12
COLEASF1,2023,FY23-24,0.0327,,308413.0,12
COLEASF1,2024,FY24-25,0.0292,0.0271,300428.0,12
COLEASF1,2025,FY25-26,0.0431,0.0431,249251.0,9
COLUMSF1,2022,FY22-23,0.018,,214676.0,12
COLUMSF1,2023,FY23-24,0.0548,,298022.0,11
COLUMSF1,2024,FY24-25,0.0264,0.0089,393476.0,12
COLUMSF1,2025,FY25-26,0.0022,0.0022,310195.0,9
COLWF01,2020,FY20-21,0.0065,,138812.0,4
COLWF01,2021,FY21-22,0.0009,,554366.0,12
COLWF01,2022,FY22-23,0.0045,,520382.0,12
COLWF01,2023,FY23-24,0.0031,,439898.0,12
COLWF01,2024,FY24-25,0.0066,0.0069,505864.0,12
COLWF01,2025,FY25-26,0.0107,0.0168,451265.0,9
COOPGWF1,2020,FY20-21,0.0101,,409792.0,4
COOPGWF1,2021,FY21-22,0.0188,,1365269.0,12
COOPGWF1,2022,FY22-23,0.0118,,1413842.0,12
COOPGWF1,2023,FY23-24,0.0006,,1275573.0,12
COOPGWF1,2024,FY24-25,0.029,0.0328,1302263.0,12
COOPGWF1,2025,FY25-26,0.0548,0.062,962683.0,9
CROOKWF2,2020,FY20-21,0.0004,,91422.0,4
CROOKWF2,2021,FY21-22,0.0068,,298724.0,12
CROOKWF2,2022,FY22-23,0.0112,,293590.0,12
CROOKWF2,2023,FY23-24,0.0052,,177367.0,10
CROOKWF2,2024,FY24-25,0.0345,0.0292,184862.0,11
CROOKWF2,2025,FY25-26,0.0159,0.0159,219256.0,9
CROOKWF3,2024,FY24-25,0.0426,0.0404,95632.0,11
CROOKWF3,2025,FY25-26,0.0245,0.0245,139132.0,9
CROWLWF1,2020,FY20-21,0.0021,,79375.0,4
CROWLWF1,2021,FY21-22,0.0142,,275705.0,12
CROWLWF1,2022,FY22-23,0.0666,,231692.0,12
CROWLWF1,2023,FY23-24,0.0553,,232414.0,12
CROWLWF1,2024,FY24-25,0.0678,0.0761,253410.0,12
CROWLWF1,2025,FY25-26,0.1986,0.1986,157664.0,9
CRURWF1,2020,FY20-21,0.0118,,66989.0,4
CRURWF1,2021,FY21-22,0.0105,,389059.0,12
CRURWF1,2022,FY22-23,0.0061,,379958.0,12
CRURWF1,2023,FY23-24,0.0109,,310171.0,12
CRURWF1,2024,FY24-25,0.0298,0.0157,314868.0,12
CRURWF1,2025,FY25-26,0.0226,0.0226,296928.0,9
CRWARP1,2025,FY25-26,0.0963,0.099,82289.0,4
CRWASF1,2020,FY20-21,0.0942,,3546.0,4
CRWASF1,2021,FY21-22,0.1554,,49518.0,12
CRWASF1,2022,FY22-23,0.1151,,56515.0,12
CRWASF1,2023,FY23-24,0.0862,,62234.0,12
CRWASF1,2024,FY24-25,0.0799,0.0876,66531.0,12
CRWASF1,2025,FY25-26,0.1924,0.1923,46054.0,9
CSPVPS1,2020,FY20-21,0.0012,,26145.0,4
CSPVPS1,2021,FY21-22,0.0108,,89311.0,12
CSPVPS1,2022,FY22-23,0.0034,,86793.0,12
CSPVPS1,2023,FY23-24,0.0067,,85206.0,12
CSPVPS1,2024,FY24-25,0.0057,0.0113,80502.0,12
CSPVPS1,2025,FY25-26,0.0312,0.0311,61865.0,9
CTHLWF1,2020,FY20-21,0.0082,,171526.0,4
CTHLWF1,2021,FY21-22,0.0068,,435239.0,12
CTHLWF1,2022,FY22-23,0.015,,423655.0,12
CTHLWF1,2023,FY23-24,0.0051,,450837.0,12
CTHLWF1,2024,FY24-25,0.0068,0.029,469499.0,12
CTHLWF1,2025,FY25-26,0.0008,0.003,397434.0,9
CUSF1,2025,FY25-26,0.4596,0.4742,212270.0,9
DARLSF1,2020,FY20-21,0.0822,,99942.0,4
DARLSF1,2021,FY21-22,0.1078,,461098.0,12
DARLSF1,2022,FY22-23,0.0655,,516621.0,12
DARLSF1,2023,FY23-24,0.0636,,582049.0,12
DARLSF1,2024,FY24-25,0.0833,0.0736,541652.0,12
DARLSF1,2025,FY25-26,0.1227,0.1205,401834.0,9
DAYDSF1,2020,FY20-21,0.0053,,94415.0,4
DAYDSF1,2021,FY21-22,0.0314,,336149.0,12
DAYDSF1,2022,FY22-23,0.0197,,318774.0,12
DAYDSF1,2023,FY23-24,0.0048,,330834.0,12
DAYDSF1,2024,FY24-25,0.0375,0.0372,316031.0,12
DAYDSF1,2025,FY25-26,0.2044,0.236,192538.0,9
DDSF1,2020,FY20-21,0.0048,,56323.0,4
DDSF1,2021,FY21-22,0.0378,,192992.0,12
DDSF1,2022,FY22-23,0.0157,,204387.0,12
DDSF1,2023,FY23-24,0.0047,,210224.0,12
DDSF1,2024,FY24-25,0.0099,0.0072,197490.0,12
DDSF1,2025,FY25-26,0.0103,0.0103,166724.0,9
DULAWF1,2022,FY22-23,0.0145,,46438.0,3
DULAWF1,2023,FY23-24,0.0044,,511320.0,12
DULAWF1,2024,FY24-25,0.0032,0.0038,606512.0,12
DULAWF1,2025,FY25-26,0.0025,0.008,461999.0,9
DUNDWF1,2020,FY20-21,0.0449,,161922.0,4
DUNDWF1,2021,FY21-22,0.0183,,587067.0,12
DUNDWF1,2022,FY22-23,0.0304,,520541.0,12
DUNDWF1,2023,FY23-24,0.1012,,435299.0,12
DUNDWF1,2024,FY24-25,0.125,0.1231,465610.0,12
DUNDWF1,2025,FY25-26,0.197,0.1969,350286.0,9
DUNDWF2,2020,FY20-21,0.0208,,41637.0,4
DUNDWF2,2021,FY21-22,0.0162,,147483.0,12
DUNDWF2,2022,FY22-23,0.0002,,144182.0,12
DUNDWF2,2023,FY23-24,0.0735,,125874.0,12
DUNDWF2,2024,FY24-25,0.0467,0.0429,143824.0,12
DUNDWF2,2025,FY25-26,0.0411,0.0552,115029.0,9
DUNDWF3,2020,FY20-21,0.0231,,123526.0,4
DUNDWF3,2021,FY21-22,0.008,,420877.0,12
DUNDWF3,2022,FY22-23,0.045,,378160.0,12
DUNDWF3,2023,FY23-24,0.0794,,332954.0,12
DUNDWF3,2024,FY24-25,0.0331,0.0254,387651.0,12
DUNDWF3,2025,FY25-26,0.0143,0.0214,323408.0,9
EDENVSF1,2022,FY22-23,0.0441,,50328.0,5
EDENVSF1,2023,FY23-24,0.0135,,365484.0,12
EDENVSF1,2024,FY24-25,0.053,0.0856,359095.0,12
EDENVSF1,2025,FY25-26,0.1381,0.1624,269873.0,9
ELAINWF1,2020,FY20-21,0.0224,,60592.0,4
ELAINWF1,2021,FY21-22,0.0681,,151950.0,9
ELAINWF1,2022,FY22-23,0.1335,,201703.0,12
ELAINWF1,2023,FY23-24,0.1555,,177666.0,12
ELAINWF1,2024,FY24-25,0.164,0.1237,168593.0,10
ELAINWF1,2025,FY25-26,0.3244,0.3243,125490.0,9
EMERASF1,2020,FY20-21,0.11,,47374.0,4
EMERASF1,2021,FY21-22,0.1233,,156493.0,12
EMERASF1,2022,FY22-23,0.1958,,134705.0,12
EMERASF1,2023,FY23-24,0.3012,,102563.0,12
EMERASF1,2024,FY24-25,0.004,0.0106,173209.0,12
EMERASF1,2025,FY25-26,0.0121,0.012,128303.0,9
FINLYSF1,2020,FY20-21,0.0244,,78138.0,4
FINLYSF1,2021,FY21-22,0.0264,,246929.0,12
FINLYSF1,2022,FY22-23,0.0188,,278047.0,12
FINLYSF1,2023,FY23-24,0.0643,,267087.0,12
FINLYSF1,2024,FY24-25,0.0762,0.0521,255298.0,12
FINLYSF1,2025,FY25-26,0.1392,0.1377,141256.0,8
FLYCRKWF,2023,FY23-24,0.0276,,72612.0,10
FLYCRKWF,2024,FY24-25,0.0509,0.0398,367625.0,12
FLYCRKWF,2025,FY25-26,0.0228,0.0277,250697.0,9
GANGARR1,2021,FY21-22,0.0294,,20403.0,8
GANGARR1,2022,FY22-23,0.0246,,175815.0,12
GANGARR1,2023,FY23-24,0.0217,,192177.0,12
GANGARR1,2024,FY24-25,0.1852,0.1596,182466.0,12
GANGARR1,2025,FY25-26,0.313,0.3124,140439.0,9
GANNSF1,2020,FY20-21,0.0207,,27819.0,4
GANNSF1,2021,FY21-22,0.0456,,103689.0,12
GANNSF1,2022,FY22-23,0.0454,,104057.0,12
GANNSF1,2023,FY23-24,0.0499,,105620.0,12
GANNSF1,2024,FY24-25,0.054,0.053,99497.0,12
GANNSF1,2025,FY25-26,0.0793,0.0792,86564.0,9
GESF1,2025,FY25-26,0.3495,0.3592,26279.0,5
GIRGSF,2024,FY24-25,0.2374,0.2385,97744.0,12
GIRGSF,2025,FY25-26,0.3187,0.3181,95892.0,9
GLENSF1,2023,FY23-24,0.1738,,86433.0,7
GLENSF1,2024,FY24-25,0.0688,0.0355,236053.0,12
GLENSF1,2025,FY25-26,0.0256,0.0639,200690.0,9
GLRWNSF1,2020,FY20-21,0.0145,,51173.0,4
GLRWNSF1,2021,FY21-22,0.0608,,208279.0,12
GLRWNSF1,2022,FY22-23,0.0652,,214747.0,12
GLRWNSF1,2023,FY23-24,0.1836,,212408.0,12
GLRWNSF1,2024,FY24-25,0.2057,0.1653,197694.0,12
GLRWNSF1,2025,FY25-26,0.3428,0.3423,129948.0,9
GNNDHSF1,2020,FY20-21,0.0,,16.0,1
GNNDHSF1,2021,FY21-22,0.0655,,168840.0,12
GNNDHSF1,2022,FY22-23,0.1096,,237902.0,12
GNNDHSF1,2023,FY23-24,0.1268,,240245.0,12
GNNDHSF1,2024,FY24-25,0.1778,0.185,201153.0,12
GNNDHSF1,2025,FY25-26,0.3096,0.3096,148886.0,9
GOESF1,2025,FY25-26,0.3112,0.2697,34040.0,5
GOONSF1,2020,FY20-21,0.0016,,36498.0,4
GOONSF1,2021,FY21-22,0.1252,,141200.0,12
GOONSF1,2022,FY22-23,0.1994,,117078.0,12
GOONSF1,2023,FY23-24,0.132,,145417.0,12
GOONSF1,2024,FY24-25,0.3285,0.3458,101789.0,12
GOONSF1,2025,FY25-26,0.4961,0.4948,55061.0,9
GPWFEST1,2024,FY24-25,0.0835,0.0834,154499.0,7
GPWFEST1,2025,FY25-26,0.2907,0.2905,397621.0,9
GPWFEST2,2024,FY24-25,0.1055,0.1082,209781.0,10
GPWFEST2,2025,FY25-26,0.3054,0.3051,380242.0,9
GPWFEST3,2024,FY24-25,0.0123,0.0123,8622.0,2
GPWFEST3,2025,FY25-26,0.2381,0.238,341446.0,9
GPWFWST1,2025,FY25-26,0.2559,0.2562,6818.0,3
GRANWF1,2020,FY20-21,0.0106,,135873.0,4
GRANWF1,2021,FY21-22,0.0034,,387960.0,12
GRANWF1,2022,FY22-23,0.0322,,363445.0,12
GRANWF1,2023,FY23-24,0.007,,354015.0,12
GRANWF1,2024,FY24-25,0.0033,0.0031,366041.0,12
GRANWF1,2025,FY25-26,0.0001,0.001,293588.0,9
GSWF1A,2023,FY23-24,0.0,,4229.0,3
GSWF1A,2024,FY24-25,0.176,0.1679,350684.0,12
GSWF1A,2025,FY25-26,0.1213,0.1212,475384.0,9
GSWF1B1,2024,FY24-25,0.1543,0.1547,115723.0,8
GSWF1B1,2025,FY25-26,0.2931,0.2929,327789.0,9
GULLRSF1,2020,FY20-21,0.0027,,5907.0,4
GULLRSF1,2021,FY21-22,0.0447,,16702.0,12
GULLRSF1,2022,FY22-23,0.0469,,17414.0,12
GULLRSF1,2023,FY23-24,0.0328,,19518.0,12
GULLRSF1,2024,FY24-25,0.1353,0.1209,17280.0,12
GULLRSF1,2025,FY25-26,0.2614,0.2614,10770.0,9
GULLRWF1,2020,FY20-21,0.0004,,151528.0,4
GULLRWF1,2021,FY21-22,0.0032,,501912.0,12
GULLRWF1,2022,FY22-23,0.0065,,468156.0,12
GULLRWF1,2023,FY23-24,0.0024,,391300.0,12
GULLRWF1,2024,FY24-25,0.0168,0.0288,436109.0,12
GULLRWF1,2025,FY25-26,0.0091,0.0182,372049.0,9
GULLRWF2,2020,FY20-21,0.0081,,39332.0,4
GULLRWF2,2021,FY21-22,0.0399,,246005.0,12
GULLRWF2,2022,FY22-23,0.0225,,366901.0,12
GULLRWF2,2023,FY23-24,0.0155,,310226.0,12
GULLRWF2,2024,FY24-25,0.055,0.0429,345322.0,12
GULLRWF2,2025,FY25-26,0.0123,0.0303,298493.0,9
GUNNING1,2020,FY20-21,0.0018,,49417.0,4
GUNNING1,2021,FY21-22,0.0042,,159305.0,12
GUNNING1,2022,FY22-23,0.0115,,138704.0,12
GUNNING1,2023,FY23-24,0.0239,,135604.0,12
GUNNING1,2024,FY24-25,0.0178,0.0184,152042.0,12
GUNNING1,2025,FY25-26,0.0224,0.0223,126507.0,9
GUSF1,2025,FY25-26,0.1103,0.1081,35259.0,5
HALLWF1,2020,FY20-21,0.0579,,94764.0,4
HALLWF1,2021,FY21-22,0.0928,,306938.0,12
HALLWF1,2022,FY22-23,0.0923,,277151.0,12
HALLWF1,2023,FY23-24,0.0813,,205601.0,12
HALLWF1,2024,FY24-25,0.1169,0.0,254979.0,12
HALLWF1,2025,FY25-26,0.1926,0.0,184630.0,9
HALLWF2,2020,FY20-21,0.042,,69195.0,4
HALLWF2,2021,FY21-22,0.0735,,228911.0,12
HALLWF2,2022,FY22-23,0.0859,,211838.0,12
HALLWF2,2023,FY23-24,0.0914,,171865.0,12
HALLWF2,2024,FY24-25,0.1053,0.0,190524.0,12
HALLWF2,2025,FY25-26,0.1947,0.0,137587.0,9
HAMISF1,2020,FY20-21,0.0379,,34423.0,4
HAMISF1,2021,FY21-22,0.0672,,121948.0,12
HAMISF1,2022,FY22-23,0.0297,,112964.0,12
HAMISF1,2023,FY23-24,0.016,,114820.0,12
HAMISF1,2024,FY24-25,0.0682,0.0753,106937.0,12
HAMISF1,2025,FY25-26,0.2363,0.2363,65714.0,9
HAUGHT11,2020,FY20-21,0.0549,,64202.0,4
HAUGHT11,2021,FY21-22,0.0702,,234791.0,12
HAUGHT11,2022,FY22-23,0.0624,,228828.0,12
HAUGHT11,2023,FY23-24,0.1235,,208427.0,12
HAUGHT11,2024,FY24-25,0.0743,0.0,208224.0,12
HAUGHT11,2025,FY25-26,0.0352,0.0,181784.0,9
HAYMSF1,2020,FY20-21,0.0245,,30261.0,4
HAYMSF1,2021,FY21-22,0.0562,,105018.0,12
HAYMSF1,2022,FY22-23,0.1228,,93109.0,12
HAYMSF1,2023,FY23-24,0.0797,,96257.0,12
HAYMSF1,2024,FY24-25,0.1862,0.1334,82494.0,12
HAYMSF1,2025,FY25-26,0.3113,0.3113,52095.0,9
HD1WF1,2023,FY23-24,0.0067,,353.0,1
HD1WF1,2024,FY24-25,0.1766,0.1831,240747.0,12
HD1WF1,2025,FY25-26,0.2515,0.2514,191251.0,9
HDWF1,2020,FY20-21,0.0405,,97946.0,4
HDWF1,2021,FY21-22,0.0356,,362295.0,12
HDWF1,2022,FY22-23,0.0079,,362985.0,12
HDWF1,2023,FY23-24,0.0092,,337581.0,12
HDWF1,2024,FY24-25,0.0033,0.0111,363535.0,12
HDWF1,2025,FY25-26,0.0016,0.0068,275680.0,9
HDWF2,2020,FY20-21,0.0419,,97124.0,4
HDWF2,2021,FY21-22,0.0347,,342245.0,12
HDWF2,2022,FY22-23,0.0102,,341260.0,12
HDWF2,2023,FY23-24,0.0085,,314311.0,12
HDWF2,2024,FY24-25,0.0038,0.0125,350524.0,12
HDWF2,2025,FY25-26,0.0007,0.0031,269766.0,9
HDWF3,2020,FY20-21,0.0413,,105074.0,4
HDWF3,2021,FY21-22,0.0358,,365276.0,12
HDWF3,2022,FY22-23,0.0105,,366396.0,12
HDWF3,2023,FY23-24,0.0092,,328759.0,12
HDWF3,2024,FY24-25,0.0027,0.0126,374720.0,12
HDWF3,2025,FY25-26,0.0013,0.0037,290164.0,9
HILLSTN1,2021,FY21-22,0.0345,,76897.0,9
HILLSTN1,2022,FY22-23,0.0299,,204689.0,12
HILLSTN1,2023,FY23-24,0.1304,,191399.0,12
HILLSTN1,2024,FY24-25,0.2781,0.2674,149455.0,12
HILLSTN1,2025,FY25-26,0.2307,0.2303,124505.0,9
HVWWPV1,2021,FY21-22,0.3225,,323.0,1
HVWWPV1,2022,FY22-23,0.1959,,8234.0,12
HVWWPV1,2023,FY23-24,0.2225,,6997.0,12
HVWWPV1,2024,FY24-25,0.2415,0.264,11066.0,12
HVWWPV1,2025,FY25-26,0.3407,0.3396,8686.0,9
JEMALNG1,2020,FY20-21,0.1041,,13266.0,4
JEMALNG1,2021,FY21-22,0.0632,,110525.0,12
JEMALNG1,2022,FY22-23,0.0987,,104612.0,12
JEMALNG1,2023,FY23-24,0.0695,,111664.0,12
JEMALNG1,2024,FY24-25,0.1147,0.1056,108788.0,12
JEMALNG1,2025,FY25-26,0.353,0.3529,59785.0,9
JUNEESF1,2020,FY20-21,0.0,,39.0,2
JUNEESF1,2021,FY21-22,0.0287,,29745.0,11
JUNEESF1,2022,FY22-23,0.0515,,62949.0,12
JUNEESF1,2023,FY23-24,0.1534,,57854.0,12
JUNEESF1,2024,FY24-25,0.2801,0.3033,48878.0,12
JUNEESF1,2025,FY25-26,0.2966,0.2965,36641.0,9
KABANWF1,2022,FY22-23,0.0268,,114968.0,10
KABANWF1,2023,FY23-24,0.0125,,420510.0,12
KABANWF1,2024,FY24-25,0.0136,0.0319,350671.0,12
KABANWF1,2025,FY25-26,0.1013,0.1013,218353.0,9
KARSF1,2020,FY20-21,0.0552,,47845.0,4
KARSF1,2021,FY21-22,0.1679,,168377.0,12
KARSF1,2022,FY22-23,0.1421,,180998.0,12
KARSF1,2023,FY23-24,0.2761,,126994.0,12
KARSF1,2024,FY24-25,0.159,0.1347,173301.0,12
KARSF1,2025,FY25-26,0.1629,0.1626,146890.0,9
KEPSF1,2021,FY21-22,0.37,,11281.0,12
KEPSF1,2022,FY22-23,0.209,,28727.0,12
KEPSF1,2023,FY23-24,0.1091,,25486.0,12
KEPSF1,2024,FY24-25,0.0888,0.0903,23934.0,12
KEPSF1,2025,FY25-26,0.0763,0.0762,13908.0,9
KEPWF1,2021,FY21-22,0.0559,,50123.0,12
KEPWF1,2022,FY22-23,0.0391,,125309.0,12
KEPWF1,2023,FY23-24,0.0103,,149879.0,12
KEPWF1,2024,FY24-25,0.0236,0.0291,169502.0,12
KEPWF1,2025,FY25-26,0.0163,0.0163,92386.0,9
KERNGSP1,2024,FY24-25,0.066,0.078,7022.0,5
KERNGSP1,2025,FY25-26,0.1664,0.1432,46013.0,9
KIAMSF1,2020,FY20-21,0.0762,,79712.0,4
KIAMSF1,2021,FY21-22,0.0901,,315326.0,12
KIAMSF1,2022,FY22-23,0.0838,,262476.0,12
KIAMSF1,2023,FY23-24,0.106,,399956.0,12
KIAMSF1,2024,FY24-25,0.1081,0.0995,376680.0,12
KIAMSF1,2025,FY25-26,0.1401,0.1397,328389.0,9
KIATAWF1,2020,FY20-21,0.1139,,33575.0,4
KIATAWF1,2021,FY21-22,0.052,,129902.0,12
KIATAWF1,2022,FY22-23,0.0172,,126461.0,12
KIATAWF1,2023,FY23-24,0.1062,,101413.0,12
KIATAWF1,2024,FY24-25,0.173,0.1628,108516.0,12
KIATAWF1,2025,FY25-26,0.3143,0.3119,68547.0,9
KINGASF1,2024,FY24-25,0.169,0.1745,45870.0,10
KINGASF1,2025,FY25-26,0.2304,0.23,54971.0,9
KSP1,2020,FY20-21,0.0312,,37869.0,4
KSP1,2021,FY21-22,0.0641,,118799.0,12
KSP1,2022,FY22-23,0.0655,,116011.0,12
KSP1,2023,FY23-24,0.089,,107847.0,12
KSP1,2024,FY24-25,0.1948,0.1302,90350.0,12
KSP1,2025,FY25-26,0.3476,0.347,56726.0,9
LANCSF1,2025,FY25-26,0.0,,484.0,1
LGAPWF1,2020,FY20-21,0.0459,,121900.0,4
LGAPWF1,2021,FY21-22,0.0833,,436107.0,12
LGAPWF1,2022,FY22-23,0.0679,,414052.0,12
LGAPWF1,2023,FY23-24,0.0967,,328910.0,12
LGAPWF1,2024,FY24-25,0.1438,0.1363,289122.0,12
LGAPWF1,2025,FY25-26,0.2086,0.2071,152748.0,9
LGAPWF2,2021,FY21-22,0.0441,,110793.0,7
LGAPWF2,2022,FY22-23,0.0739,,290168.0,12
LGAPWF2,2023,FY23-24,0.1085,,255185.0,12
LGAPWF2,2024,FY24-25,0.1628,0.1548,255198.0,12
LGAPWF2,2025,FY25-26,0.2184,0.2176,194281.0,9
LILYSF1,2020,FY20-21,0.1141,,57275.0,4
LILYSF1,2021,FY21-22,0.1079,,211058.0,12
LILYSF1,2022,FY22-23,0.1201,,186190.0,12
LILYSF1,2023,FY23-24,0.0851,,169254.0,12
LILYSF1,2024,FY24-25,0.0726,0.008,179323.0,12
LILYSF1,2025,FY25-26,0.0277,0.0277,167570.0,9
LIMOSF11,2020,FY20-21,0.0741,,67326.0,4
LIMOSF11,2021,FY21-22,0.2219,,391220.0,12
LIMOSF11,2022,FY22-23,0.1695,,391436.0,12
LIMOSF11,2023,FY23-24,0.1138,,473530.0,12
LIMOSF11,2024,FY24-25,0.2431,0.2398,361950.0,12
LIMOSF11,2025,FY25-26,0.2347,0.2343,271541.0,9
LIMOSF21,2020,FY20-21,0.1062,,17302.0,4
LIMOSF21,2021,FY21-22,0.2128,,54687.0,12
LIMOSF21,2022,FY22-23,0.1575,,52067.0,12
LIMOSF21,2023,FY23-24,0.1244,,64468.0,12
LIMOSF21,2024,FY24-25,0.2403,0.2246,56909.0,12
LIMOSF21,2025,FY25-26,0.2074,0.2071,45119.0,9
LKBONNY1,2021,FY21-22,0.0948,,92589.0,7
LKBONNY1,2022,FY22-23,0.1747,,142166.0,12
LKBONNY1,2023,FY23-24,0.1878,,130554.0,12
LKBONNY1,2024,FY24-25,0.2535,0.307,125973.0,12
LKBONNY1,2025,FY25-26,0.3095,0.3058,107766.0,9
LKBONNY2,2020,FY20-21,0.2315,,85772.0,4
LKBONNY2,2021,FY21-22,0.1728,,360468.0,12
LKBONNY2,2022,FY22-23,0.1458,,320857.0,12
LKBONNY2,2023,FY23-24,0.1058,,289886.0,12
LKBONNY2,2024,FY24-25,0.1941,0.2218,295744.0,12
LKBONNY2,2025,FY25-26,0.2566,0.2536,248776.0,9
LKBONNY3,2020,FY20-21,0.2331,,21456.0,4
LKBONNY3,2021,FY21-22,0.1592,,90165.0,12
LKBONNY3,2022,FY22-23,0.1849,,74889.0,12
LKBONNY3,2023,FY23-24,0.1939,,61925.0,12
LKBONNY3,2024,FY24-25,0.2514,0.3117,61431.0,12
LKBONNY3,2025,FY25-26,0.2839,0.2805,55577.0,9
MACARTH1,2020,FY20-21,0.0086,,206548.0,4
MACARTH1,2021,FY21-22,0.0351,,806107.0,12
MACARTH1,2022,FY22-23,0.0274,,646365.0,12
MACARTH1,2023,FY23-24,0.074,,635961.0,12
MACARTH1,2024,FY24-25,0.1339,0.1206,575329.0,12
MACARTH1,2025,FY25-26,0.2363,0.2361,557175.0,9
MANNSF2,2023,FY23-24,0.0814,,8791.0,7
MANNSF2,2024,FY24-25,0.3012,0.2871,41232.0,12
MANNSF2,2025,FY25-26,0.3026,0.302,33883.0,9
MANSLR1,2020,FY20-21,0.1288,,23382.0,4
MANSLR1,2021,FY21-22,0.3792,,54484.0,12
MANSLR1,2022,FY22-23,0.4493,,42546.0,12
MANSLR1,2023,FY23-24,0.4514,,47071.0,12
MANSLR1,2024,FY24-25,0.5511,0.5664,31408.0,12
MANSLR1,2025,FY25-26,0.6636,0.6367,19368.0,9
MAPS2PV1,2021,FY21-22,0.0577,,1623.0,5
MAPS2PV1,2022,FY22-23,0.2064,,18977.0,12
MAPS2PV1,2023,FY23-24,0.2199,,19512.0,12
MAPS2PV1,2024,FY24-25,0.2007,0.2106,15278.0,12
MAPS2PV1,2025,FY25-26,0.2527,0.2527,9374.0,8
MAPS3PV1,2022,FY22-23,0.3394,,1067.0,3
MAPS3PV1,2023,FY23-24,0.2291,,17121.0,12
MAPS3PV1,2024,FY24-25,0.1725,0.201,12643.0,10
MAPS3PV1,2025,FY25-26,0.152,0.1535,9536.0,8
MARYRSF1,2020,FY20-21,0.0095,,14519.0,4
MARYRSF1,2021,FY21-22,0.0446,,59815.0,12
MARYRSF1,2022,FY22-23,0.0427,,59359.0,12
MARYRSF1,2023,FY23-24,0.0175,,61217.0,12
MARYRSF1,2024,FY24-25,0.1106,0.1632,52800.0,12
MARYRSF1,2025,FY25-26,0.3353,0.3348,30102.0,9
MBPS2PV1,2021,FY21-22,0.0313,,2729.0,5
MBPS2PV1,2022,FY22-23,0.1856,,13022.0,12
MBPS2PV1,2023,FY23-24,0.2268,,12537.0,12
MBPS2PV1,2024,FY24-25,0.2284,0.2828,12957.0,12
MBPS2PV1,2025,FY25-26,0.3951,0.3916,4997.0,7
MCINTYR1,2024,FY24-25,0.0303,0.0392,268222.0,9
MCINTYR1,2025,FY25-26,0.0044,0.0043,917660.0,9
MERCER01,2020,FY20-21,0.003,,106469.0,4
MERCER01,2021,FY21-22,0.0246,,360699.0,12
MERCER01,2022,FY22-23,0.0844,,308583.0,12
MERCER01,2023,FY23-24,0.1784,,251519.0,12
MERCER01,2024,FY24-25,0.2533,0.2108,259598.0,12
MERCER01,2025,FY25-26,0.1576,0.1575,233451.0,9
METZSF1,2021,FY21-22,0.0771,,8710.0,4
METZSF1,2022,FY22-23,0.0136,,236426.0,12
METZSF1,2023,FY23-24,0.0075,,220192.0,12
METZSF1,2024,FY24-25,0.0614,0.0465,218838.0,12
METZSF1,2025,FY25-26,0.1825,0.1824,164827.0,9
MEWF1,2020,FY20-21,0.037,,162254.0,4
MEWF1,2021,FY21-22,0.0436,,447143.0,12
MEWF1,2022,FY22-23,0.0276,,424500.0,12
MEWF1,2023,FY23-24,0.0247,,504567.0,12
MEWF1,2024,FY24-25,0.0396,0.0267,437071.0,12
MEWF1,2025,FY25-26,0.0168,0.0168,291374.0,9
MIDDLSF1,2020,FY20-21,0.2698,,10712.0,4
MIDDLSF1,2021,FY21-22,0.0716,,57219.0,12
MIDDLSF1,2022,FY22-23,0.0483,,58350.0,12
MIDDLSF1,2023,FY23-24,0.031,,60360.0,12
MIDDLSF1,2024,FY24-25,0.0506,0.0849,47990.0,12
MIDDLSF1,2025,FY25-26,0.26,0.255,34726.0,9
MOKOSF1,2024,FY24-25,0.1036,0.1035,29666.0,7
MOKOSF1,2025,FY25-26,0.3886,0.3883,48490.0,9
MOLNGSF1,2020,FY20-21,0.057,,17773.0,4
MOLNGSF1,2021,FY21-22,0.3891,,35243.0,12
MOLNGSF1,2022,FY22-23,0.401,,34529.0,12
MOLNGSF1,2023,FY23-24,0.488,,31540.0,12
MOLNGSF1,2024,FY24-25,0.5639,0.594,22751.0,12
MOLNGSF1,2025,FY25-26,0.4515,0.4514,25575.0,9
MOORAWF1,2020,FY20-21,0.0672,,52425.0,4
MOORAWF1,2021,FY21-22,0.0946,,276555.0,12
MOORAWF1,2022,FY22-23,0.0626,,849958.0,12
MOORAWF1,2023,FY23-24,0.0878,,739682.0,12
MOORAWF1,2024,FY24-25,0.0847,0.0805,840891.0,12
MOORAWF1,2025,FY25-26,0.0997,0.0984,656861.0,9
MOREESF1,2020,FY20-21,0.0,,34045.0,4
MOREESF1,2021,FY21-22,0.0066,,120350.0,12
MOREESF1,2022,FY22-23,0.0153,,135182.0,12
MOREESF1,2023,FY23-24,0.012,,136932.0,12
MOREESF1,2024,FY24-25,0.0089,0.0142,119616.0,12
MOREESF1,2025,FY25-26,0.0181,0.0181,112416.0,9
MOUSF1,2022,FY22-23,0.0715,,74261.0,9
MOUSF1,2023,FY23-24,0.0179,,179268.0,12
MOUSF1,2024,FY24-25,0.0079,0.0086,206321.0,12
MOUSF1,2025,FY25-26,0.0253,0.0253,171596.0,9
MRTLSWF1,2022,FY22-23,0.0311,,100398.0,9
MRTLSWF1,2023,FY23-24,0.1264,,277806.0,12
MRTLSWF1,2024,FY24-25,0.0981,0.0754,413737.0,12
MRTLSWF1,2025,FY25-26,0.0289,0.0289,371344.0,9
MTGELWF1,2020,FY20-21,0.0058,,86768.0,4
MTGELWF1,2021,FY21-22,0.0392,,296792.0,12
MTGELWF1,2022,FY22-23,0.0257,,275670.0,12
MTGELWF1,2023,FY23-24,0.05,,283419.0,12
MTGELWF1,2024,FY24-25,0.0498,0.0736,312406.0,12
MTGELWF1,2025,FY25-26,0.0376,0.0485,270757.0,9
MTMILLAR,2021,FY21-22,0.1895,,59942.0,5
MTMILLAR,2022,FY22-23,0.225,,143887.0,12
MTMILLAR,2023,FY23-24,0.1885,,143958.0,12
MTMILLAR,2024,FY24-25,0.287,0.0,141875.0,12
MTMILLAR,2025,FY25-26,0.164,0.0,131572.0,9
MUCRKSF1,2025,FY25-26,0.0993,0.1041,98544.0,7
MUSSELR1,2020,FY20-21,0.0166,,186492.0,4
MUSSELR1,2021,FY21-22,0.0166,,559186.0,12
MUSSELR1,2022,FY22-23,0.0369,,496397.0,12
MUSSELR1,2023,FY23-24,0.013,,538609.0,12
MUSSELR1,2024,FY24-25,0.0135,0.0132,544497.0,12
MUSSELR1,2025,FY25-26,0.0216,0.0215,457480.0,9
MUWAWF1,2020,FY20-21,0.0827,,225997.0,4
MUWAWF1,2021,FY21-22,0.2009,,608360.0,12
MUWAWF1,2022,FY22-23,0.1813,,586625.0,12
MUWAWF1,2023,FY23-24,0.1857,,481016.0,12
MUWAWF1,2024,FY24-25,0.2838,0.2901,442502.0,12
MUWAWF1,2025,FY25-26,0.3886,0.3881,353688.0,9
MUWAWF2,2021,FY21-22,0.0861,,19319.0,5
MUWAWF2,2022,FY22-23,0.0658,,551226.0,12
MUWAWF2,2023,FY23-24,0.1619,,529134.0,12
MUWAWF2,2024,FY24-25,0.2355,0.2272,530410.0,12
MUWAWF2,2025,FY25-26,0.2937,0.2936,375527.0,9
MWPS1PV1,2020,FY20-21,0.0136,,1767.0,4
MWPS1PV1,2021,FY21-22,0.0459,,9660.0,12
MWPS1PV1,2022,FY22-23,0.1404,,6445.0,12
MWPS1PV1,2023,FY23-24,0.1286,,4614.0,12
MWPS1PV1,2024,FY24-25,0.2462,0.3027,5467.0,12
MWPS1PV1,2025,FY25-26,0.4044,0.4043,4119.0,9
MWPS2PV1,2020,FY20-21,0.0209,,2012.0,4
MWPS2PV1,2021,FY21-22,0.0508,,10607.0,12
MWPS2PV1,2022,FY22-23,0.1397,,5862.0,12
MWPS2PV1,2023,FY23-24,0.1131,,7544.0,12
MWPS2PV1,2024,FY24-25,0.2411,0.2947,5334.0,12
MWPS2PV1,2025,FY25-26,0.3862,0.3818,4104.0,9
MWPS3PV1,2020,FY20-21,0.0309,,3524.0,4
MWPS3PV1,2021,FY21-22,0.088,,11182.0,12
MWPS3PV1,2022,FY22-23,0.207,,9001.0,12
MWPS3PV1,2023,FY23-24,0.0897,,7365.0,12
MWPS3PV1,2024,FY24-25,0.1273,0.1821,5751.0,12
MWPS3PV1,2025,FY25-26,0.278,0.2779,3150.0,9
MWPS4PV1,2020,FY20-21,0.0025,,1980.0,4
MWPS4PV1,2021,FY21-22,0.058,,9966.0,12
MWPS4PV1,2022,FY22-23,0.1532,,7465.0,12
MWPS4PV1,2023,FY23-24,0.1184,,6836.0,12
MWPS4PV1,2024,FY24-25,0.2031,0.2912,4965.0,12
MWPS4PV1,2025,FY25-26,0.3675,0.3673,3459.0,9
NBHWF1,2020,FY20-21,0.0514,,129023.0,4
NBHWF1,2021,FY21-22,0.0926,,424135.0,12
NBHWF1,2022,FY22-23,0.0709,,417411.0,12
NBHWF1,2023,FY23-24,0.0739,,334540.0,12
NBHWF1,2024,FY24-25,0.1193,0.1059,332708.0,12
NBHWF1,2025,FY25-26,0.1796,0.1795,245438.0,9
NEVERSF1,2020,FY20-21,0.0075,,67792.0,4
NEVERSF1,2021,FY21-22,0.034,,237202.0,12
NEVERSF1,2022,FY22-23,0.0306,,241353.0,12
NEVERSF1,2023,FY23-24,0.0332,,243547.0,12
NEVERSF1,2024,FY24-25,0.078,0.0707,221683.0,12
NEVERSF1,2025,FY25-26,0.301,0.2995,119613.0,9
NEWENSF1,2022,FY22-23,0.1502,,13418.0,3
NEWENSF1,2023,FY23-24,0.0851,,403182.0,12
NEWENSF1,2024,FY24-25,0.125,0.0949,374536.0,12
NEWENSF1,2025,FY25-26,0.0343,0.0341,378284.0,9
NEWENSF2,2022,FY22-23,0.0916,,93473.0,7
NEWENSF2,2023,FY23-24,0.0885,,417326.0,12
NEWENSF2,2024,FY24-25,0.1153,0.1004,369155.0,12
NEWENSF2,2025,FY25-26,0.0364,0.0361,369355.0,9
NUMURSF1,2020,FY20-21,0.0342,,59793.0,4
NUMURSF1,2021,FY21-22,0.1873,,185795.0,12
NUMURSF1,2022,FY22-23,0.3111,,146938.0,12
NUMURSF1,2023,FY23-24,0.2971,,150863.0,12
NUMURSF1,2024,FY24-25,0.1275,0.0898,191248.0,12
NUMURSF1,2025,FY25-26,0.2801,0.2795,131783.0,9
NYNGAN1,2020,FY20-21,0.0075,,67160.0,4
NYNGAN1,2021,FY21-22,0.0432,,210719.0,12
NYNGAN1,2022,FY22-23,0.0436,,208823.0,12
NYNGAN1,2023,FY23-24,0.0277,,217132.0,12
NYNGAN1,2024,FY24-25,0.0388,0.0383,210979.0,12
NYNGAN1,2025,FY25-26,0.3054,0.2927,101942.0,9
OAKEY1SF,2020,FY20-21,0.0696,,14742.0,4
OAKEY1SF,2021,FY21-22,0.0841,,46318.0,12
OAKEY1SF,2022,FY22-23,0.0892,,48845.0,12
OAKEY1SF,2023,FY23-24,0.1688,,43294.0,12
OAKEY1SF,2024,FY24-25,0.3056,0.2736,36611.0,12
OAKEY1SF,2025,FY25-26,0.2977,0.2973,29718.0,9
OAKEY2SF,2020,FY20-21,0.01,,26307.0,4
OAKEY2SF,2021,FY21-22,0.0555,,97382.0,12
OAKEY2SF,2022,FY22-23,0.0464,,109976.0,12
OAKEY2SF,2023,FY23-24,0.1152,,99443.0,12
OAKEY2SF,2024,FY24-25,0.0897,0.1044,108863.0,12
OAKEY2SF,2025,FY25-26,0.2338,0.2332,71198.0,9
OAKLAND1,2020,FY20-21,0.0502,,52441.0,4
OAKLAND1,2021,FY21-22,0.0419,,188500.0,12
OAKLAND1,2022,FY22-23,0.0247,,170674.0,12
OAKLAND1,2023,FY23-24,0.0583,,138709.0,12
OAKLAND1,2024,FY24-25,0.077,0.0856,156115.0,12
OAKLAND1,2025,FY25-26,0.1749,0.174,114835.0,9
PAREPS1,2022,FY22-23,0.1418,,79588.0,9
PAREPS1,2023,FY23-24,0.1842,,137383.0,12
PAREPS1,2024,FY24-25,0.3589,0.4238,109839.0,12
PAREPS1,2025,FY25-26,0.4823,0.4814,66213.0,9
PAREPW1,2021,FY21-22,0.2068,,26931.0,3
PAREPW1,2022,FY22-23,0.0984,,570291.0,12
PAREPW1,2023,FY23-24,0.0914,,611254.0,12
PAREPW1,2024,FY24-25,0.1943,0.2406,545136.0,12
PAREPW1,2025,FY25-26,0.2296,0.2294,422102.0,9
PARSF1,2020,FY20-21,0.0,,34582.0,4
PARSF1,2021,FY21-22,0.1359,,103814.0,12
PARSF1,2022,FY22-23,0.173,,97768.0,12
PARSF1,2023,FY23-24,0.123,,109770.0,12
PARSF1,2024,FY24-25,0.2694,0.3122,82752.0,12
PARSF1,2025,FY25-26,0.3255,0.3221,51544.0,9
QPSFB1,2025,FY25-26,0.091,0.1386,946.0,2
RRSF1,2020,FY20-21,0.0003,,81052.0,4
RRSF1,2021,FY21-22,0.0296,,276605.0,12
RRSF1,2022,FY22-23,0.0039,,240217.0,12
RRSF1,2023,FY23-24,0.0094,,247084.0,12
RRSF1,2024,FY24-25,0.0113,0.0172,238419.0,12
RRSF1,2025,FY25-26,0.0262,0.0261,186570.0,9
RUGBYR1,2020,FY20-21,0.0046,,47115.0,4
RUGBYR1,2021,FY21-22,0.0271,,165213.0,12
RUGBYR1,2022,FY22-23,0.0218,,163090.0,12
RUGBYR1,2023,FY23-24,0.0146,,159183.0,12
RUGBYR1,2024,FY24-25,0.0754,0.0592,148018.0,12
RUGBYR1,2025,FY25-26,0.2311,0.2311,92003.0,9
RYANCWF1,2024,FY24-25,0.0931,0.1002,425695.0,12
RYANCWF1,2025,FY25-26,0.1615,0.1614,456032.0,9
RYEPARK1,2023,FY23-24,0.009,,449538.0,11
RYEPARK1,2024,FY24-25,0.0134,0.0112,1147936.0,12
RYEPARK1,2025,FY25-26,0.0055,0.0099,935723.0,9
SALTCRK1,2020,FY20-21,0.0382,,48981.0,4
SALTCRK1,2021,FY21-22,0.0801,,159883.0,12
SALTCRK1,2022,FY22-23,0.0736,,143242.0,12
SALTCRK1,2023,FY23-24,0.1607,,117841.0,12
SALTCRK1,2024,FY24-25,0.2295,0.2403,122714.0,12
SALTCRK1,2025,FY25-26,0.3597,0.3597,79715.0,9
SAPHWF1,2020,FY20-21,0.0018,,234178.0,4
SAPHWF1,2021,FY21-22,0.0019,,859034.0,12
SAPHWF1,2022,FY22-23,0.0037,,797312.0,12
SAPHWF1,2023,FY23-24,0.0048,,696160.0,12
SAPHWF1,2024,FY24-25,0.0056,0.0036,753356.0,12
SAPHWF1,2025,FY25-26,0.0071,0.0071,550762.0,9
SEBSF1,2021,FY21-22,0.0307,,83716.0,8
SEBSF1,2022,FY22-23,0.049,,195279.0,12
SEBSF1,2023,FY23-24,0.1766,,178594.0,12
SEBSF1,2024,FY24-25,0.2365,0.232,160067.0,12
SEBSF1,2025,FY25-26,0.2841,0.2836,92572.0,9
SMCSF1,2020,FY20-21,0.9893,,16.0,4
SMCSF1,2021,FY21-22,0.1719,,160609.0,10
SMCSF1,2022,FY22-23,0.0218,,235578.0,12
SMCSF1,2023,FY23-24,0.0197,,218133.0,12
SMCSF1,2024,FY24-25,0.0959,0.099,193578.0,12
SMCSF1,2025,FY25-26,0.238,0.2375,119448.0,9
SNOWNTH1,2020,FY20-21,0.0511,,117544.0,4
SNOWNTH1,2021,FY21-22,0.0404,,444294.0,12
SNOWNTH1,2022,FY22-23,0.0145,,418468.0,12
SNOWNTH1,2023,FY23-24,0.0101,,391476.0,12
SNOWNTH1,2024,FY24-25,0.0026,0.0055,453108.0,12
SNOWNTH1,2025,FY25-26,0.0036,0.0047,368900.0,9
SNOWSTH1,2020,FY20-21,0.0562,,119766.0,4
SNOWSTH1,2021,FY21-22,0.0469,,434470.0,12
SNOWSTH1,2022,FY22-23,0.0188,,421726.0,12
SNOWSTH1,2023,FY23-24,0.0071,,382353.0,12
SNOWSTH1,2024,FY24-25,0.0037,0.0057,443799.0,12
SNOWSTH1,2025,FY25-26,0.0034,0.0077,353813.0,9
SNOWTWN1,2020,FY20-21,0.1072,,87086.0,4
SNOWTWN1,2021,FY21-22,0.129,,319788.0,12
SNOWTWN1,2022,FY22-23,0.1254,,303172.0,12
SNOWTWN1,2023,FY23-24,0.1075,,298124.0,12
SNOWTWN1,2024,FY24-25,0.1825,0.1857,284428.0,12
SNOWTWN1,2025,FY25-26,0.2829,0.2823,198480.0,9
SRSF1,2020,FY20-21,0.0062,,43056.0,4
SRSF1,2021,FY21-22,0.0271,,150996.0,12
SRSF1,2022,FY22-23,0.0121,,144537.0,12
SRSF1,2023,FY23-24,0.012,,132936.0,12
SRSF1,2024,FY24-25,0.1111,0.0976,107363.0,12
SRSF1,2025,FY25-26,0.2691,0.2683,77245.0,9
STARHLWF,2021,FY21-22,0.0,,40973.0,5
STARHLWF,2022,FY22-23,0.0,,76312.0,12
STARHLWF,2023,FY23-24,0.0,,69854.0,12
STARHLWF,2024,FY24-25,0.0,,79670.0,12
STARHLWF,2025,FY25-26,0.0,,65797.0,9
STOCKYD1,2021,FY21-22,0.0492,,974734.0,12
STOCKYD1,2022,FY22-23,0.1235,,1506025.0,12
STOCKYD1,2023,FY23-24,0.0653,,1525811.0,12
STOCKYD1,2024,FY24-25,0.0216,0.0313,1786799.0,12
STOCKYD1,2025,FY25-26,0.0104,0.0152,1365027.0,9
STUBSF1,2024,FY24-25,0.1383,0.123,86620.0,7
STUBSF1,2025,FY25-26,0.11,0.0982,346601.0,9
STUBSF2,2024,FY24-25,0.1409,0.1884,80161.0,7
STUBSF2,2025,FY25-26,0.1006,0.0949,337359.0,9
STWF1,2020,FY20-21,0.0108,,234193.0,4
STWF1,2021,FY21-22,0.0357,,698598.0,12
STWF1,2022,FY22-23,0.0284,,628035.0,12
STWF1,2023,FY23-24,0.0354,,597931.0,12
STWF1,2024,FY24-25,0.064,0.0622,530896.0,12
STWF1,2025,FY25-26,0.0781,0.078,403119.0,9
SUNRSF1,2020,FY20-21,0.0712,,55622.0,4
SUNRSF1,2021,FY21-22,0.1838,,366999.0,12
SUNRSF1,2022,FY22-23,0.1652,,371690.0,12
SUNRSF1,2023,FY23-24,0.1059,,428165.0,12
SUNRSF1,2024,FY24-25,0.1146,0.1062,390688.0,12
SUNRSF1,2025,FY25-26,0.0915,0.0914,296434.0,9
SUNTPSF1,2021,FY21-22,0.0972,,167041.0,11
SUNTPSF1,2022,FY22-23,0.1185,,304864.0,12
SUNTPSF1,2023,FY23-24,0.1231,,272557.0,12
SUNTPSF1,2024,FY24-25,0.1167,0.1222,297665.0,12
SUNTPSF1,2025,FY25-26,0.2963,0.2963,183822.0,9
TARALGA1,2020,FY20-21,0.0008,,98280.0,4
TARALGA1,2021,FY21-22,0.0069,,304327.0,12
TARALGA1,2022,FY22-23,0.0272,,236712.0,12
TARALGA1,2023,FY23-24,0.0001,,256322.0,12
TARALGA1,2024,FY24-25,0.0002,0.0023,280163.0,12
TARALGA1,2025,FY25-26,0.0044,0.0103,242996.0,9
TB2SF1,2023,FY23-24,0.1987,,83462.0,12
TB2SF1,2024,FY24-25,0.2973,0.2952,138290.0,12
TB2SF1,2025,FY25-26,0.4516,0.4508,80113.0,9
TBSF1,2020,FY20-21,0.1435,,46684.0,4
TBSF1,2021,FY21-22,0.1912,,157188.0,12
TBSF1,2022,FY22-23,0.212,,143184.0,12
TBSF1,2023,FY23-24,0.2394,,143698.0,12
TBSF1,2024,FY24-25,0.3511,0.3316,129597.0,12
TBSF1,2025,FY25-26,0.4915,0.491,68622.0,9
WAGGNSF1,2021,FY21-22,0.0107,,29168.0,11
WAGGNSF1,2022,FY22-23,0.0534,,54234.0,12
WAGGNSF1,2023,FY23-24,0.1585,,81992.0,12
WAGGNSF1,2024,FY24-25,0.2501,0.2513,77886.0,12
WAGGNSF1,2025,FY25-26,0.259,0.2586,61290.0,9
WAMBOWF1,2024,FY24-25,0.002,0.002,540.0,1
WAMBOWF1,2025,FY25-26,0.0051,0.0055,221759.0,9
WANDSF1,2022,FY22-23,0.3151,,1189.0,2
WANDSF1,2023,FY23-24,0.0743,,192058.0,12
WANDSF1,2024,FY24-25,0.1905,0.194,255099.0,12
WANDSF1,2025,FY25-26,0.3247,0.3246,149584.0,9
WARWSF1,2020,FY20-21,0.0002,,3311.0,2
WARWSF1,2021,FY21-22,0.0012,,31481.0,11
WARWSF1,2022,FY22-23,0.021,,53865.0,12
WARWSF1,2023,FY23-24,0.245,,46825.0,12
WARWSF1,2024,FY24-25,0.3423,0.2842,42607.0,12
WARWSF1,2025,FY25-26,0.4513,0.4507,23706.0,9
WARWSF2,2020,FY20-21,0.005,,1741.0,2
WARWSF2,2021,FY21-22,0.0017,,30518.0,11
WARWSF2,2022,FY22-23,0.0197,,51498.0,12
WARWSF2,2023,FY23-24,0.2443,,45635.0,12
WARWSF2,2024,FY24-25,0.3471,0.2932,41407.0,12
WARWSF2,2025,FY25-26,0.4415,0.4409,23598.0,9
WATERLWF,2020,FY20-21,0.0252,,105800.0,4
WATERLWF,2021,FY21-22,0.044,,377624.0,12
WATERLWF,2022,FY22-23,0.0357,,359326.0,12
WATERLWF,2023,FY23-24,0.0239,,299917.0,12
WATERLWF,2024,FY24-25,0.0203,0.0262,370316.0,12
WATERLWF,2025,FY25-26,0.0159,0.0178,284120.0,9
WDGPH1,2021,FY21-22,0.04,,10444.0,5
WDGPH1,2022,FY22-23,0.0607,,556589.0,12
WDGPH1,2023,FY23-24,0.1857,,799059.0,12
WDGPH1,2024,FY24-25,0.1226,0.0342,840021.0,12
WDGPH1,2025,FY25-26,0.0353,0.0406,830891.0,9
WELLSF1,2020,FY20-21,0.0214,,41440.0,4
WELLSF1,2021,FY21-22,0.0376,,323553.0,12
WELLSF1,2022,FY22-23,0.0381,,354798.0,12
WELLSF1,2023,FY23-24,0.0315,,382469.0,12
WELLSF1,2024,FY24-25,0.0306,0.0127,368564.0,12
WELLSF1,2025,FY25-26,0.0598,0.0596,288167.0,9
WELNSF1,2023,FY23-24,0.0,,2638.0,2
WELNSF1,2024,FY24-25,0.0616,0.0414,738010.0,12
WELNSF1,2025,FY25-26,0.0325,0.0325,604960.0,9
WEMENSF1,2020,FY20-21,0.08,,47191.0,4
WEMENSF1,2021,FY21-22,0.321,,106344.0,12
WEMENSF1,2022,FY22-23,0.2012,,159599.0,12
WEMENSF1,2023,FY23-24,0.3065,,122055.0,12
WEMENSF1,2024,FY24-25,0.2491,0.2008,148822.0,12
WEMENSF1,2025,FY25-26,0.1766,0.1765,145039.0,9
WGWF1,2020,FY20-21,0.0788,,107087.0,4
WGWF1,2021,FY21-22,0.0682,,389413.0,12
WGWF1,2022,FY22-23,0.0969,,350174.0,12
WGWF1,2023,FY23-24,0.0941,,300403.0,12
WGWF1,2024,FY24-25,0.0426,0.0507,356970.0,12
WGWF1,2025,FY25-26,0.0426,0.0426,262950.0,9
WHITSF1,2020,FY20-21,0.1215,,30866.0,4
WHITSF1,2021,FY21-22,0.1174,,108030.0,12
WHITSF1,2022,FY22-23,0.2216,,92132.0,12
WHITSF1,2023,FY23-24,0.216,,76684.0,12
WHITSF1,2024,FY24-25,0.2744,0.2552,78856.0,12
WHITSF1,2025,FY25-26,0.3123,0.3123,54987.0,9
WINTSF1,2020,FY20-21,0.0049,,6730.0,4
WINTSF1,2021,FY21-22,0.0876,,155441.0,12
WINTSF1,2022,FY22-23,0.1451,,149412.0,12
WINTSF1,2023,FY23-24,0.2227,,146461.0,12
WINTSF1,2024,FY24-25,0.0944,0.0496,126791.0,11
WINTSF1,2025,FY25-26,0.0859,0.0855,143551.0,9
WLWLSF1,2024,FY24-25,0.0949,0.0754,165699.0,9
WLWLSF1,2025,FY25-26,0.2779,0.2642,182386.0,9
WLWLSF2,2024,FY24-25,0.0791,0.0649,165438.0,9
WLWLSF2,2025,FY25-26,0.284,0.2701,189445.0,9
WOLARSF1,2024,FY24-25,0.1631,0.2549,54114.0,7
WOLARSF1,2025,FY25-26,0.0238,0.0288,465668.0,9
WOODLWN1,2020,FY20-21,0.0037,,43453.0,4
WOODLWN1,2021,FY21-22,0.0109,,155783.0,12
WOODLWN1,2022,FY22-23,0.0061,,144490.0,12
WOODLWN1,2023,FY23-24,0.0157,,113111.0,12
WOODLWN1,2024,FY24-25,0.0294,0.0301,125227.0,12
WOODLWN1,2025,FY25-26,0.0288,0.0342,119412.0,9
WOOLGSF1,2021,FY21-22,0.2169,,6193.0,2
WOOLGSF1,2022,FY22-23,0.0743,,211167.0,12
WOOLGSF1,2023,FY23-24,0.15,,328608.0,12
WOOLGSF1,2024,FY24-25,0.1592,0.0577,295445.0,12
WOOLGSF1,2025,FY25-26,0.0719,0.0719,292972.0,9
WPWF,2021,FY21-22,0.0253,,164662.0,7
WPWF,2022,FY22-23,0.0913,,235625.0,12
WPWF,2023,FY23-24,0.0871,,222363.0,12
WPWF,2024,FY24-25,0.1598,0.1328,204655.0,12
WPWF,2025,FY25-26,0.2138,0.213,157762.0,9
WRSF1,2020,FY20-21,0.0134,,9868.0,4
WRSF1,2021,FY21-22,0.0465,,33633.0,12
WRSF1,2022,FY22-23,0.0305,,27676.0,12
WRSF1,2023,FY23-24,0.0652,,37337.0,12
WRSF1,2024,FY24-25,0.0647,0.0722,28379.0,12
WRSF1,2025,FY25-26,0.0331,0.0331,28126.0,9
WRWF1,2020,FY20-21,0.021,,157862.0,4
WRWF1,2021,FY21-22,0.0246,,537206.0,12
WRWF1,2022,FY22-23,0.0395,,494067.0,12
WRWF1,2023,FY23-24,0.0291,,432252.0,12
WRWF1,2024,FY24-25,0.0573,0.0619,464230.0,12
WRWF1,2025,FY25-26,0.0755,0.0754,327254.0,9
WSTWYSF1,2022,FY22-23,0.0448,,61240.0,10
WSTWYSF1,2023,FY23-24,0.1433,,189621.0,12
WSTWYSF1,2024,FY24-25,0.1883,0.1654,171340.0,12
WSTWYSF1,2025,FY25-26,0.147,0.1416,143680.0,9
WUNUSF1,2024,FY24-25,0.1397,0.1394,55563.0,8
WUNUSF1,2025,FY25-26,0.3595,0.3592,83507.0,9
WYASF1,2023,FY23-24,0.2031,,82182.0,12
WYASF1,2024,FY24-25,0.1969,0.2077,105382.0,12
WYASF1,2025,FY25-26,0.1701,0.17,89356.0,9
YARANSF1,2020,FY20-21,0.0287,,51094.0,4
YARANSF1,2021,FY21-22,0.1528,,203908.0,12
YARANSF1,2022,FY22-23,0.1293,,216880.0,12
YARANSF1,2023,FY23-24,0.0401,,204428.0,12
YARANSF1,2024,FY24-25,0.1286,0.1561,182487.0,12
YARANSF1,2025,FY25-26,0.2087,0.2049,118089.0,9
YATSF1,2020,FY20-21,0.1252,,28646.0,4
YATSF1,2021,FY21-22,0.184,,139838.0,12
YATSF1,2022,FY22-23,0.1717,,152598.0,12
YATSF1,2023,FY23-24,0.2786,,127398.0,12
YATSF1,2024,FY24-25,0.2351,0.2157,130140.0,12
YATSF1,2025,FY25-26,0.232,0.2316,111641.0,9
YENDWF1,2020,FY20-21,0.0183,,94334.0,4
YENDWF1,2021,FY21-22,0.0715,,345011.0,12
YENDWF1,2022,FY22-23,0.1128,,336872.0,12
YENDWF1,2023,FY23-24,0.1421,,296813.0,12
YENDWF1,2024,FY24-25,0.1581,0.1435,320483.0,12
YENDWF1,2025,FY25-26,0.3009,0.3008,203400.0,9
