duid,fy_start,fy_label,curtailment_pct,metric_version,generation_mwh,months_covered,first_month,last_month,fy_complete
ADPPV1,2021,FY21-22,0.0829,2.0-proxy,1511.0,9,2021-09,2022-06,False
ADPPV1,2022,FY22-23,0.2421,2.0-proxy,14420.0,12,2022-07,2023-06,True
ADPPV1,2023,FY23-24,0.3223,2.0-proxy,26346.0,12,2023-07,2024-06,True
ADPPV1,2024,FY24-25,0.2756,2.0-proxy,28436.0,12,2024-07,2025-06,True
ADPPV1,2025,FY25-26,0.363,2.0-proxy,16250.0,11,2025-07,2026-06,False
ADPPV1,2026,FY26-27,0.1199,2.0-proxy,3735.0,2,2026-07,2026-08,False
ALDGASF1,2024,FY24-25,0.0021,2.0-proxy,30560.0,3,2025-04,2025-06,False
ALDGASF1,2025,FY25-26,0.1335,2.0-proxy,776605.0,12,2025-07,2026-06,True
ALDGASF1,2026,FY26-27,0.0489,2.0-proxy,139171.0,2,2026-07,2026-08,False
ARWF1,2021,FY21-22,0.0681,2.0-proxy,435175.0,10,2021-09,2022-06,False
ARWF1,2022,FY22-23,0.1485,2.0-proxy,429380.0,12,2022-07,2023-06,True
ARWF1,2023,FY23-24,0.079,2.0-proxy,467286.0,12,2023-07,2024-06,True
ARWF1,2024,FY24-25,0.0488,2.0-proxy,464718.0,12,2024-07,2025-06,True
ARWF1,2025,FY25-26,0.0712,2.0-proxy,477094.0,12,2025-07,2026-06,True
ARWF1,2026,FY26-27,0.0913,2.0-proxy,60745.0,2,2026-07,2026-08,False
AVLSF1,2022,FY22-23,0.1241,2.0-proxy,6201.0,4,2023-03,2023-06,False
AVLSF1,2023,FY23-24,0.0541,2.0-proxy,411377.0,12,2023-07,2024-06,True
AVLSF1,2024,FY24-25,0.1499,2.0-proxy,394464.0,12,2024-07,2025-06,True
AVLSF1,2025,FY25-26,0.2036,2.0-proxy,354416.0,12,2025-07,2026-06,True
AVLSF1,2026,FY26-27,0.0213,2.0-proxy,53171.0,2,2026-07,2026-08,False
BALDHWF1,2021,FY21-22,0.0039,2.0-proxy,291518.0,10,2021-09,2022-06,False
BALDHWF1,2022,FY22-23,0.005,2.0-proxy,344852.0,12,2022-07,2023-06,True
BALDHWF1,2023,FY23-24,0.0079,2.0-proxy,320076.0,12,2023-07,2024-06,True
BALDHWF1,2024,FY24-25,0.0051,2.0-proxy,335439.0,12,2024-07,2025-06,True
BALDHWF1,2025,FY25-26,0.003,2.0-proxy,355033.0,12,2025-07,2026-06,True
BALDHWF1,2026,FY26-27,0.0006,2.0-proxy,65167.0,2,2026-07,2026-08,False
BANGOWF1,2021,FY21-22,0.0417,2.0-proxy,106356.0,10,2021-09,2022-06,False
BANGOWF1,2022,FY22-23,0.0398,2.0-proxy,289947.0,12,2022-07,2023-06,True
BANGOWF1,2023,FY23-24,0.0424,2.0-proxy,331585.0,12,2023-07,2024-06,True
BANGOWF1,2024,FY24-25,0.0555,2.0-proxy,371908.0,12,2024-07,2025-06,True
BANGOWF1,2025,FY25-26,0.0665,2.0-proxy,421022.0,12,2025-07,2026-06,True
BANGOWF1,2026,FY26-27,0.0243,2.0-proxy,64624.0,2,2026-07,2026-08,False
BANGOWF2,2021,FY21-22,0.0424,2.0-proxy,28722.0,10,2021-09,2022-06,False
BANGOWF2,2022,FY22-23,0.0593,2.0-proxy,185229.0,12,2022-07,2023-06,True
BANGOWF2,2023,FY23-24,0.1041,2.0-proxy,205932.0,12,2023-07,2024-06,True
BANGOWF2,2024,FY24-25,0.1371,2.0-proxy,207493.0,12,2024-07,2025-06,True
BANGOWF2,2025,FY25-26,0.1498,2.0-proxy,232306.0,12,2025-07,2026-06,True
BANGOWF2,2026,FY26-27,0.0141,2.0-proxy,40642.0,2,2026-07,2026-08,False
BANN1,2021,FY21-22,0.2465,2.0-proxy,125562.0,10,2021-09,2022-06,False
BANN1,2022,FY22-23,0.2236,2.0-proxy,149035.0,12,2022-07,2023-06,True
BANN1,2023,FY23-24,0.3711,2.0-proxy,125464.0,12,2023-07,2024-06,True
BANN1,2024,FY24-25,0.272,2.0-proxy,137192.0,12,2024-07,2025-06,True
BANN1,2025,FY25-26,0.1812,2.0-proxy,158903.0,12,2025-07,2026-06,True
BANN1,2026,FY26-27,0.1048,2.0-proxy,17168.0,2,2026-07,2026-08,False
BERYLSF1,2021,FY21-22,0.0684,2.0-proxy,142777.0,10,2021-09,2022-06,False
BERYLSF1,2022,FY22-23,0.0368,2.0-proxy,181331.0,12,2022-07,2023-06,True
BERYLSF1,2023,FY23-24,0.0548,2.0-proxy,192456.0,12,2023-07,2024-06,True
BERYLSF1,2024,FY24-25,0.1357,2.0-proxy,162169.0,12,2024-07,2025-06,True
BERYLSF1,2025,FY25-26,0.0836,2.0-proxy,149191.0,12,2025-07,2026-06,True
BERYLSF1,2026,FY26-27,0.0095,2.0-proxy,23470.0,2,2026-07,2026-08,False
BLUEGSF1,2022,FY22-23,0.0377,2.0-proxy,270815.0,11,2022-08,2023-06,False
BLUEGSF1,2023,FY23-24,0.0565,2.0-proxy,368068.0,12,2023-07,2024-06,True
BLUEGSF1,2024,FY24-25,0.0232,2.0-proxy,386984.0,12,2024-07,2025-06,True
BLUEGSF1,2025,FY25-26,0.0128,2.0-proxy,272321.0,12,2025-07,2026-06,True
BLUEGSF1,2026,FY26-27,0.0025,2.0-proxy,39206.0,2,2026-07,2026-08,False
BLUFF1,2021,FY21-22,0.0911,2.0-proxy,104117.0,10,2021-09,2022-06,False
BLUFF1,2022,FY22-23,0.0813,2.0-proxy,139370.0,12,2022-07,2023-06,True
BLUFF1,2023,FY23-24,0.1105,2.0-proxy,97955.0,12,2023-07,2024-06,True
BLUFF1,2024,FY24-25,0.0886,2.0-proxy,104074.0,12,2024-07,2025-06,True
BLUFF1,2025,FY25-26,0.1901,2.0-proxy,111125.0,12,2025-07,2026-06,True
BLUFF1,2026,FY26-27,0.0397,2.0-proxy,22878.0,2,2026-07,2026-08,False
BNGSF1,2021,FY21-22,0.0775,2.0-proxy,217584.0,10,2021-09,2022-06,False
BNGSF1,2022,FY22-23,0.1018,2.0-proxy,242908.0,12,2022-07,2023-06,True
BNGSF1,2023,FY23-24,0.226,2.0-proxy,221222.0,12,2023-07,2024-06,True
BNGSF1,2024,FY24-25,0.3552,2.0-proxy,186458.0,12,2024-07,2025-06,True
BNGSF1,2025,FY25-26,0.4289,2.0-proxy,124897.0,11,2025-07,2026-06,False
BNGSF1,2026,FY26-27,0.0262,2.0-proxy,22495.0,2,2026-07,2026-08,False
BNGSF2,2021,FY21-22,0.0844,2.0-proxy,222503.0,10,2021-09,2022-06,False
BNGSF2,2022,FY22-23,0.0817,2.0-proxy,249647.0,12,2022-07,2023-06,True
BNGSF2,2023,FY23-24,0.1877,2.0-proxy,239099.0,12,2023-07,2024-06,True
BNGSF2,2024,FY24-25,0.2949,2.0-proxy,200544.0,12,2024-07,2025-06,True
BNGSF2,2025,FY25-26,0.3494,2.0-proxy,179397.0,12,2025-07,2026-06,True
BNGSF2,2026,FY26-27,0.0567,2.0-proxy,26145.0,2,2026-07,2026-08,False
BOCORWF1,2021,FY21-22,0.0066,2.0-proxy,217828.0,9,2021-09,2022-06,False
BOCORWF1,2022,FY22-23,0.0099,2.0-proxy,332943.0,12,2022-07,2023-06,True
BOCORWF1,2023,FY23-24,0.006,2.0-proxy,281409.0,12,2023-07,2024-06,True
BOCORWF1,2024,FY24-25,0.0144,2.0-proxy,319869.0,12,2024-07,2025-06,True
BOCORWF1,2025,FY25-26,0.0021,2.0-proxy,356087.0,12,2025-07,2026-06,True
BOCORWF1,2026,FY26-27,0.0,2.0-proxy,62576.0,2,2026-07,2026-08,False
BODWF1,2021,FY21-22,0.0129,2.0-proxy,303599.0,10,2021-09,2022-06,False
BODWF1,2022,FY22-23,0.0101,2.0-proxy,332682.0,12,2022-07,2023-06,True
BODWF1,2023,FY23-24,0.0214,2.0-proxy,278292.0,12,2023-07,2024-06,True
BODWF1,2024,FY24-25,0.0266,2.0-proxy,270664.0,12,2024-07,2025-06,True
BODWF1,2025,FY25-26,0.0178,2.0-proxy,305181.0,12,2025-07,2026-06,True
BODWF1,2026,FY26-27,0.0,2.0-proxy,47089.0,2,2026-07,2026-08,False
BOMENSF1,2021,FY21-22,0.0,2.0-proxy,180333.0,10,2021-09,2022-06,False
BOMENSF1,2022,FY22-23,0.0266,2.0-proxy,195367.0,12,2022-07,2023-06,True
BOMENSF1,2023,FY23-24,0.144,2.0-proxy,174960.0,12,2023-07,2024-06,True
BOMENSF1,2024,FY24-25,0.1299,2.0-proxy,163175.0,12,2024-07,2025-06,True
BOMENSF1,2025,FY25-26,0.1044,2.0-proxy,157222.0,12,2025-07,2026-06,True
BOMENSF1,2026,FY26-27,0.0344,2.0-proxy,19624.0,2,2026-07,2026-08,False
BOWWPV1,2021,FY21-22,0.1155,2.0-proxy,189.0,4,2022-02,2022-05,False
BOWWPV1,2022,FY22-23,0.3144,2.0-proxy,4652.0,9,2022-09,2023-06,False
BOWWPV1,2023,FY23-24,0.2491,2.0-proxy,8187.0,10,2023-09,2024-06,False
BOWWPV1,2024,FY24-25,0.1844,2.0-proxy,11737.0,12,2024-07,2025-06,True
BOWWPV1,2025,FY25-26,0.2169,2.0-proxy,9148.0,12,2025-07,2026-06,True
BOWWPV1,2026,FY26-27,0.0498,2.0-proxy,1629.0,2,2026-07,2026-08,False
BRDDSF01,2025,FY25-26,0.1886,2.0-proxy,52380.0,6,2026-01,2026-06,False
BRDDSF01,2026,FY26-27,0.1436,2.0-proxy,60294.0,2,2026-07,2026-08,False
BROKENH1,2021,FY21-22,0.0922,2.0-proxy,91216.0,10,2021-09,2022-06,False
BROKENH1,2022,FY22-23,0.0769,2.0-proxy,100916.0,12,2022-07,2023-06,True
BROKENH1,2023,FY23-24,0.1211,2.0-proxy,105831.0,12,2023-07,2024-06,True
BROKENH1,2024,FY24-25,0.1569,2.0-proxy,91491.0,12,2024-07,2025-06,True
BROKENH1,2025,FY25-26,0.2455,2.0-proxy,77381.0,12,2025-07,2026-06,True
BROKENH1,2026,FY26-27,0.1297,2.0-proxy,14089.0,2,2026-07,2026-08,False
BRYB1WF1,2021,FY21-22,0.0136,2.0-proxy,448952.0,10,2021-09,2022-06,False
BRYB1WF1,2022,FY22-23,0.0342,2.0-proxy,538589.0,12,2022-07,2023-06,True
BRYB1WF1,2023,FY23-24,0.0459,2.0-proxy,485600.0,12,2023-07,2024-06,True
BRYB1WF1,2024,FY24-25,0.0325,2.0-proxy,549491.0,12,2024-07,2025-06,True
BRYB1WF1,2025,FY25-26,0.016,2.0-proxy,578925.0,12,2025-07,2026-06,True
BRYB1WF1,2026,FY26-27,0.0241,2.0-proxy,96901.0,2,2026-07,2026-08,False
BRYB2WF2,2022,FY22-23,0.0708,2.0-proxy,80690.0,8,2022-11,2023-06,False
BRYB2WF2,2023,FY23-24,0.2282,2.0-proxy,226722.0,12,2023-07,2024-06,True
BRYB2WF2,2024,FY24-25,0.2029,2.0-proxy,271029.0,12,2024-07,2025-06,True
BRYB2WF2,2025,FY25-26,0.0826,2.0-proxy,337924.0,12,2025-07,2026-06,True
BRYB2WF2,2026,FY26-27,0.0387,2.0-proxy,58978.0,2,2026-07,2026-08,False
BULGANA1,2021,FY21-22,0.0488,2.0-proxy,448824.0,10,2021-09,2022-06,False
BULGANA1,2022,FY22-23,0.0926,2.0-proxy,491714.0,12,2022-07,2023-06,True
BULGANA1,2023,FY23-24,0.0347,2.0-proxy,497661.0,12,2023-07,2024-06,True
BULGANA1,2024,FY24-25,0.0281,2.0-proxy,402891.0,12,2024-07,2025-06,True
BULGANA1,2025,FY25-26,0.0114,2.0-proxy,351645.0,12,2025-07,2026-06,True
BULGANA1,2026,FY26-27,0.0166,2.0-proxy,68926.0,2,2026-07,2026-08,False
BUSF1,2025,FY25-26,0.0,2.0-proxy,34198.0,4,2026-03,2026-06,False
BUSF1,2026,FY26-27,0.0564,2.0-proxy,21140.0,2,2026-07,2026-08,False
CATHROCK,2021,FY21-22,0.1126,2.0-proxy,64512.0,5,2022-02,2022-06,False
CATHROCK,2022,FY22-23,0.155,2.0-proxy,139492.0,12,2022-07,2023-06,True
CATHROCK,2023,FY23-24,0.1488,2.0-proxy,135722.0,12,2023-07,2024-06,True
CATHROCK,2024,FY24-25,0.0518,2.0-proxy,157563.0,12,2024-07,2025-06,True
CATHROCK,2025,FY25-26,0.0382,2.0-proxy,158627.0,12,2025-07,2026-06,True
CATHROCK,2026,FY26-27,0.0783,2.0-proxy,20711.0,2,2026-07,2026-08,False
CHILDSF1,2021,FY21-22,0.0005,2.0-proxy,91090.0,10,2021-09,2022-06,False
CHILDSF1,2022,FY22-23,0.0048,2.0-proxy,105752.0,12,2022-07,2023-06,True
CHILDSF1,2023,FY23-24,0.0,2.0-proxy,96895.0,12,2023-07,2024-06,True
CHILDSF1,2024,FY24-25,0.1229,2.0-proxy,91791.0,12,2024-07,2025-06,True
CHILDSF1,2025,FY25-26,0.3046,2.0-proxy,85029.0,12,2025-07,2026-06,True
CHILDSF1,2026,FY26-27,0.0701,2.0-proxy,15953.0,2,2026-07,2026-08,False
CHYTWF1,2021,FY21-22,0.032,2.0-proxy,141426.0,10,2021-09,2022-06,False
CHYTWF1,2022,FY22-23,0.019,2.0-proxy,166063.0,12,2022-07,2023-06,True
CHYTWF1,2023,FY23-24,0.06,2.0-proxy,175804.0,12,2023-07,2024-06,True
CHYTWF1,2024,FY24-25,0.099,2.0-proxy,172914.0,12,2024-07,2025-06,True
CHYTWF1,2025,FY25-26,0.1301,2.0-proxy,158290.0,12,2025-07,2026-06,True
CHYTWF1,2026,FY26-27,0.041,2.0-proxy,24578.0,2,2026-07,2026-08,False
CLARESF1,2021,FY21-22,0.1222,2.0-proxy,172662.0,10,2021-09,2022-06,False
CLARESF1,2022,FY22-23,0.1644,2.0-proxy,182040.0,12,2022-07,2023-06,True
CLARESF1,2023,FY23-24,0.3112,2.0-proxy,152108.0,12,2023-07,2024-06,True
CLARESF1,2024,FY24-25,0.1872,2.0-proxy,188210.0,12,2024-07,2025-06,True
CLARESF1,2025,FY25-26,0.31,2.0-proxy,161535.0,12,2025-07,2026-06,True
CLARESF1,2026,FY26-27,0.2379,2.0-proxy,28380.0,2,2026-07,2026-08,False
CLEMGPWF,2021,FY21-22,0.0185,2.0-proxy,144956.0,10,2021-09,2022-06,False
CLEMGPWF,2022,FY22-23,0.0447,2.0-proxy,170314.0,12,2022-07,2023-06,True
CLEMGPWF,2023,FY23-24,0.0117,2.0-proxy,166606.0,12,2023-07,2024-06,True
CLEMGPWF,2024,FY24-25,0.005,2.0-proxy,174474.0,12,2024-07,2025-06,True
CLEMGPWF,2025,FY25-26,0.0162,2.0-proxy,177863.0,12,2025-07,2026-06,True
CLEMGPWF,2026,FY26-27,0.0001,2.0-proxy,23121.0,2,2026-07,2026-08,False
CLERMSF1,2021,FY21-22,0.0606,2.0-proxy,124879.0,10,2021-09,2022-06,False
CLERMSF1,2022,FY22-23,0.0149,2.0-proxy,161716.0,12,2022-07,2023-06,True
CLERMSF1,2023,FY23-24,0.0309,2.0-proxy,162018.0,12,2023-07,2024-06,True
CLERMSF1,2024,FY24-25,0.0158,2.0-proxy,166288.0,12,2024-07,2025-06,True
CLERMSF1,2025,FY25-26,0.0764,2.0-proxy,136659.0,12,2025-07,2026-06,True
CLERMSF1,2026,FY26-27,0.0627,2.0-proxy,26549.0,2,2026-07,2026-08,False
CLRKCWF1,2024,FY24-25,0.0091,2.0-proxy,193262.0,9,2024-10,2025-06,False
CLRKCWF1,2025,FY25-26,0.0423,2.0-proxy,1186476.0,12,2025-07,2026-06,True
CLRKCWF1,2026,FY26-27,0.0378,2.0-proxy,165272.0,2,2026-07,2026-08,False
CLRKCWF2,2024,FY24-25,0.0,2.0-proxy,203.0,1,2025-06,2025-06,False
CLRKCWF2,2025,FY25-26,0.0289,2.0-proxy,265040.0,12,2025-07,2026-06,True
CLRKCWF2,2026,FY26-27,0.0093,2.0-proxy,53928.0,2,2026-07,2026-08,False
CNUNDAWF,2021,FY21-22,0.0872,2.0-proxy,60865.0,7,2021-12,2022-06,False
CNUNDAWF,2022,FY22-23,0.1528,2.0-proxy,104864.0,12,2022-07,2023-06,True
CNUNDAWF,2023,FY23-24,0.1838,2.0-proxy,93209.0,12,2023-07,2024-06,True
CNUNDAWF,2024,FY24-25,0.2612,2.0-proxy,88459.0,12,2024-07,2025-06,True
CNUNDAWF,2025,FY25-26,0.2954,2.0-proxy,87790.0,12,2025-07,2026-06,True
CNUNDAWF,2026,FY26-27,0.0603,2.0-proxy,18350.0,2,2026-07,2026-08,False
COHUNSF1,2021,FY21-22,0.2573,2.0-proxy,8632.0,6,2021-09,2022-06,False
COHUNSF1,2022,FY22-23,0.1646,2.0-proxy,40472.0,12,2022-07,2023-06,True
COHUNSF1,2023,FY23-24,0.16,2.0-proxy,30820.0,9,2023-07,2024-03,False
COHUNSF1,2024,FY24-25,0.2834,2.0-proxy,6946.0,5,2025-02,2025-06,False
COHUNSF1,2025,FY25-26,0.2827,2.0-proxy,28390.0,12,2025-07,2026-06,True
COHUNSF1,2026,FY26-27,0.0281,2.0-proxy,2686.0,2,2026-07,2026-08,False
COLEASF1,2021,FY21-22,0.0704,2.0-proxy,264216.0,10,2021-09,2022-06,False
COLEASF1,2022,FY22-23,0.0583,2.0-proxy,306351.0,12,2022-07,2023-06,True
COLEASF1,2023,FY23-24,0.0327,2.0-proxy,308413.0,12,2023-07,2024-06,True
COLEASF1,2024,FY24-25,0.0293,2.0-proxy,300428.0,12,2024-07,2025-06,True
COLEASF1,2025,FY25-26,0.0419,2.0-proxy,298642.0,12,2025-07,2026-06,True
COLEASF1,2026,FY26-27,0.0176,2.0-proxy,38201.0,2,2026-07,2026-08,False
COLUMSF1,2022,FY22-23,0.0171,2.0-proxy,214676.0,12,2022-07,2023-06,True
COLUMSF1,2023,FY23-24,0.0587,2.0-proxy,298022.0,11,2023-07,2024-06,False
COLUMSF1,2024,FY24-25,0.0277,2.0-proxy,393476.0,12,2024-07,2025-06,True
COLUMSF1,2025,FY25-26,0.0025,2.0-proxy,395455.0,12,2025-07,2026-06,True
COLUMSF1,2026,FY26-27,0.0022,2.0-proxy,61029.0,2,2026-07,2026-08,False
COLWF01,2021,FY21-22,0.0,2.0-proxy,432243.0,10,2021-09,2022-06,False
COLWF01,2022,FY22-23,0.003,2.0-proxy,520187.0,12,2022-07,2023-06,True
COLWF01,2023,FY23-24,0.0,2.0-proxy,439898.0,12,2023-07,2024-06,True
COLWF01,2024,FY24-25,0.0047,2.0-proxy,505864.0,12,2024-07,2025-06,True
COLWF01,2025,FY25-26,0.0061,2.0-proxy,559904.0,12,2025-07,2026-06,True
COLWF01,2026,FY26-27,0.0,2.0-proxy,93288.0,2,2026-07,2026-08,False
COOPGWF1,2021,FY21-22,0.0201,2.0-proxy,1096165.0,10,2021-09,2022-06,False
COOPGWF1,2022,FY22-23,0.0122,2.0-proxy,1413821.0,12,2022-07,2023-06,True
COOPGWF1,2023,FY23-24,0.0005,2.0-proxy,1275573.0,12,2023-07,2024-06,True
COOPGWF1,2024,FY24-25,0.0298,2.0-proxy,1302263.0,12,2024-07,2025-06,True
COOPGWF1,2025,FY25-26,0.0529,2.0-proxy,1304758.0,12,2025-07,2026-06,True
COOPGWF1,2026,FY26-27,0.0401,2.0-proxy,209207.0,2,2026-07,2026-08,False
CROOKWF2,2021,FY21-22,0.0075,2.0-proxy,225910.0,10,2021-09,2022-06,False
CROOKWF2,2022,FY22-23,0.0109,2.0-proxy,293516.0,12,2022-07,2023-06,True
CROOKWF2,2023,FY23-24,0.0051,2.0-proxy,177367.0,10,2023-07,2024-04,False
CROOKWF2,2024,FY24-25,0.0348,2.0-proxy,184862.0,11,2024-08,2025-06,False
CROOKWF2,2025,FY25-26,0.0146,2.0-proxy,276606.0,12,2025-07,2026-06,True
CROOKWF2,2026,FY26-27,0.0082,2.0-proxy,47890.0,2,2026-07,2026-08,False
CROOKWF3,2024,FY24-25,0.043,2.0-proxy,95632.0,11,2024-08,2025-06,False
CROOKWF3,2025,FY25-26,0.0221,2.0-proxy,174212.0,12,2025-07,2026-06,True
CROOKWF3,2026,FY26-27,0.0136,2.0-proxy,29249.0,2,2026-07,2026-08,False
CROWLWF1,2021,FY21-22,0.0129,2.0-proxy,214874.0,10,2021-09,2022-06,False
CROWLWF1,2022,FY22-23,0.0686,2.0-proxy,231639.0,12,2022-07,2023-06,True
CROWLWF1,2023,FY23-24,0.0577,2.0-proxy,232414.0,12,2023-07,2024-06,True
CROWLWF1,2024,FY24-25,0.0762,2.0-proxy,253410.0,12,2024-07,2025-06,True
CROWLWF1,2025,FY25-26,0.2019,2.0-proxy,212823.0,12,2025-07,2026-06,True
CROWLWF1,2026,FY26-27,0.078,2.0-proxy,33142.0,2,2026-07,2026-08,False
CRURWF1,2021,FY21-22,0.0111,2.0-proxy,311189.0,10,2021-09,2022-06,False
CRURWF1,2022,FY22-23,0.0061,2.0-proxy,379839.0,12,2022-07,2023-06,True
CRURWF1,2023,FY23-24,0.011,2.0-proxy,310171.0,12,2023-07,2024-06,True
CRURWF1,2024,FY24-25,0.0312,2.0-proxy,314868.0,12,2024-07,2025-06,True
CRURWF1,2025,FY25-26,0.0188,2.0-proxy,381709.0,12,2025-07,2026-06,True
CRURWF1,2026,FY26-27,0.0019,2.0-proxy,59907.0,2,2026-07,2026-08,False
CRWARP1,2025,FY25-26,0.0918,2.0-proxy,132753.0,7,2025-12,2026-06,False
CRWARP1,2026,FY26-27,0.0196,2.0-proxy,37913.0,2,2026-07,2026-08,False
CRWASF1,2021,FY21-22,0.1505,2.0-proxy,46043.0,10,2021-09,2022-06,False
CRWASF1,2022,FY22-23,0.1279,2.0-proxy,56505.0,12,2022-07,2023-06,True
CRWASF1,2023,FY23-24,0.0961,2.0-proxy,62234.0,12,2023-07,2024-06,True
CRWASF1,2024,FY24-25,0.0819,2.0-proxy,66531.0,12,2024-07,2025-06,True
CRWASF1,2025,FY25-26,0.2164,2.0-proxy,56225.0,12,2025-07,2026-06,True
CRWASF1,2026,FY26-27,0.043,2.0-proxy,7402.0,2,2026-07,2026-08,False
CSPVPS1,2021,FY21-22,0.0,2.0-proxy,73894.0,10,2021-09,2022-06,False
CSPVPS1,2022,FY22-23,0.0,2.0-proxy,86791.0,12,2022-07,2023-06,True
CSPVPS1,2023,FY23-24,0.0025,2.0-proxy,85206.0,12,2023-07,2024-06,True
CSPVPS1,2024,FY24-25,0.0018,2.0-proxy,80502.0,12,2024-07,2025-06,True
CSPVPS1,2025,FY25-26,0.0354,2.0-proxy,79658.0,12,2025-07,2026-06,True
CSPVPS1,2026,FY26-27,0.0743,2.0-proxy,11917.0,2,2026-07,2026-08,False
CTHLWF1,2021,FY21-22,0.0019,2.0-proxy,327551.0,10,2021-09,2022-06,False
CTHLWF1,2022,FY22-23,0.0097,2.0-proxy,423644.0,12,2022-07,2023-06,True
CTHLWF1,2023,FY23-24,0.0008,2.0-proxy,450837.0,12,2023-07,2024-06,True
CTHLWF1,2024,FY24-25,0.0014,2.0-proxy,469499.0,12,2024-07,2025-06,True
CTHLWF1,2025,FY25-26,0.0,2.0-proxy,516876.0,12,2025-07,2026-06,True
CTHLWF1,2026,FY26-27,0.0,2.0-proxy,96062.0,2,2026-07,2026-08,False
CUSF1,2025,FY25-26,0.4055,2.0-proxy,327978.0,12,2025-07,2026-06,True
CUSF1,2026,FY26-27,0.1627,2.0-proxy,80010.0,2,2026-07,2026-08,False
DARLSF1,2021,FY21-22,0.1311,2.0-proxy,431590.0,10,2021-09,2022-06,False
DARLSF1,2022,FY22-23,0.0676,2.0-proxy,516543.0,12,2022-07,2023-06,True
DARLSF1,2023,FY23-24,0.0695,2.0-proxy,582049.0,12,2023-07,2024-06,True
DARLSF1,2024,FY24-25,0.0882,2.0-proxy,541652.0,12,2024-07,2025-06,True
DARLSF1,2025,FY25-26,0.126,2.0-proxy,467900.0,12,2025-07,2026-06,True
DARLSF1,2026,FY26-27,0.0249,2.0-proxy,65712.0,2,2026-07,2026-08,False
DAYDSF1,2021,FY21-22,0.0197,2.0-proxy,280446.0,10,2021-09,2022-06,False
DAYDSF1,2022,FY22-23,0.0148,2.0-proxy,318771.0,12,2022-07,2023-06,True
DAYDSF1,2023,FY23-24,0.0,2.0-proxy,330834.0,12,2023-07,2024-06,True
DAYDSF1,2024,FY24-25,0.0376,2.0-proxy,316031.0,12,2024-07,2025-06,True
DAYDSF1,2025,FY25-26,0.2096,2.0-proxy,255753.0,12,2025-07,2026-06,True
DAYDSF1,2026,FY26-27,0.0212,2.0-proxy,46540.0,2,2026-07,2026-08,False
DDSF1,2021,FY21-22,0.0474,2.0-proxy,158591.0,10,2021-09,2022-06,False
DDSF1,2022,FY22-23,0.016,2.0-proxy,204382.0,12,2022-07,2023-06,True
DDSF1,2023,FY23-24,0.0048,2.0-proxy,210224.0,12,2023-07,2024-06,True
DDSF1,2024,FY24-25,0.01,2.0-proxy,197490.0,12,2024-07,2025-06,True
DDSF1,2025,FY25-26,0.0108,2.0-proxy,212772.0,12,2025-07,2026-06,True
DDSF1,2026,FY26-27,0.005,2.0-proxy,35190.0,2,2026-07,2026-08,False
DULAWF1,2022,FY22-23,0.0145,2.0-proxy,46438.0,3,2023-04,2023-06,False
DULAWF1,2023,FY23-24,0.0044,2.0-proxy,511320.0,12,2023-07,2024-06,True
DULAWF1,2024,FY24-25,0.0024,2.0-proxy,606512.0,12,2024-07,2025-06,True
DULAWF1,2025,FY25-26,0.0,2.0-proxy,629685.0,12,2025-07,2026-06,True
DULAWF1,2026,FY26-27,0.0,2.0-proxy,105977.0,2,2026-07,2026-08,False
DUNDWF1,2021,FY21-22,0.0112,2.0-proxy,439432.0,10,2021-09,2022-06,False
DUNDWF1,2022,FY22-23,0.0259,2.0-proxy,520473.0,12,2022-07,2023-06,True
DUNDWF1,2023,FY23-24,0.1091,2.0-proxy,435299.0,12,2023-07,2024-06,True
DUNDWF1,2024,FY24-25,0.1329,2.0-proxy,465610.0,12,2024-07,2025-06,True
DUNDWF1,2025,FY25-26,0.2152,2.0-proxy,444473.0,12,2025-07,2026-06,True
DUNDWF1,2026,FY26-27,0.272,2.0-proxy,68419.0,2,2026-07,2026-08,False
DUNDWF2,2021,FY21-22,0.0039,2.0-proxy,118616.0,10,2021-09,2022-06,False
DUNDWF2,2022,FY22-23,0.0,2.0-proxy,144161.0,12,2022-07,2023-06,True
DUNDWF2,2023,FY23-24,0.0767,2.0-proxy,125874.0,12,2023-07,2024-06,True
DUNDWF2,2024,FY24-25,0.0488,2.0-proxy,143824.0,12,2024-07,2025-06,True
DUNDWF2,2025,FY25-26,0.0616,2.0-proxy,144434.0,12,2025-07,2026-06,True
DUNDWF2,2026,FY26-27,0.2717,2.0-proxy,18252.0,2,2026-07,2026-08,False
DUNDWF3,2021,FY21-22,0.0,2.0-proxy,327391.0,10,2021-09,2022-06,False
DUNDWF3,2022,FY22-23,0.0457,2.0-proxy,378108.0,12,2022-07,2023-06,True
DUNDWF3,2023,FY23-24,0.0838,2.0-proxy,332954.0,12,2023-07,2024-06,True
DUNDWF3,2024,FY24-25,0.0344,2.0-proxy,387651.0,12,2024-07,2025-06,True
DUNDWF3,2025,FY25-26,0.0341,2.0-proxy,402584.0,12,2025-07,2026-06,True
DUNDWF3,2026,FY26-27,0.2595,2.0-proxy,52008.0,2,2026-07,2026-08,False
EDENVSF1,2022,FY22-23,0.0478,2.0-proxy,50328.0,5,2023-02,2023-06,False
EDENVSF1,2023,FY23-24,0.0136,2.0-proxy,365484.0,12,2023-07,2024-06,True
EDENVSF1,2024,FY24-25,0.0581,2.0-proxy,359095.0,12,2024-07,2025-06,True
EDENVSF1,2025,FY25-26,0.1269,2.0-proxy,352457.0,12,2025-07,2026-06,True
EDENVSF1,2026,FY26-27,0.0,2.0-proxy,58055.0,2,2026-07,2026-08,False
ELAINWF1,2021,FY21-22,0.084,2.0-proxy,95038.0,7,2021-12,2022-06,False
ELAINWF1,2022,FY22-23,0.1367,2.0-proxy,201662.0,12,2022-07,2023-06,True
ELAINWF1,2023,FY23-24,0.1653,2.0-proxy,177666.0,12,2023-07,2024-06,True
ELAINWF1,2024,FY24-25,0.1792,2.0-proxy,168593.0,10,2024-07,2025-06,False
ELAINWF1,2025,FY25-26,0.316,2.0-proxy,174878.0,12,2025-07,2026-06,True
ELAINWF1,2026,FY26-27,0.0637,2.0-proxy,38686.0,2,2026-07,2026-08,False
EMERASF1,2021,FY21-22,0.1616,2.0-proxy,130549.0,10,2021-09,2022-06,False
EMERASF1,2022,FY22-23,0.2015,2.0-proxy,134685.0,12,2022-07,2023-06,True
EMERASF1,2023,FY23-24,0.3527,2.0-proxy,102563.0,12,2023-07,2024-06,True
EMERASF1,2024,FY24-25,0.0,2.0-proxy,173209.0,12,2024-07,2025-06,True
EMERASF1,2025,FY25-26,0.0114,2.0-proxy,162345.0,12,2025-07,2026-06,True
EMERASF1,2026,FY26-27,0.0226,2.0-proxy,24242.0,2,2026-07,2026-08,False
FINLYSF1,2021,FY21-22,0.0069,2.0-proxy,217377.0,10,2021-09,2022-06,False
FINLYSF1,2022,FY22-23,0.0113,2.0-proxy,278003.0,12,2022-07,2023-06,True
FINLYSF1,2023,FY23-24,0.0704,2.0-proxy,267087.0,12,2023-07,2024-06,True
FINLYSF1,2024,FY24-25,0.0806,2.0-proxy,255298.0,12,2024-07,2025-06,True
FINLYSF1,2025,FY25-26,0.1314,2.0-proxy,160940.0,11,2025-07,2026-06,False
FINLYSF1,2026,FY26-27,0.0342,2.0-proxy,14545.0,2,2026-07,2026-08,False
FLYCRKWF,2023,FY23-24,0.0282,2.0-proxy,72612.0,10,2023-09,2024-06,False
FLYCRKWF,2024,FY24-25,0.052,2.0-proxy,367625.0,12,2024-07,2025-06,True
FLYCRKWF,2025,FY25-26,0.0177,2.0-proxy,301471.0,12,2025-07,2026-06,True
FLYCRKWF,2026,FY26-27,0.0,2.0-proxy,47166.0,2,2026-07,2026-08,False
GANGARR1,2021,FY21-22,0.0,2.0-proxy,18993.0,8,2021-11,2022-06,False
GANGARR1,2022,FY22-23,0.025,2.0-proxy,175809.0,12,2022-07,2023-06,True
GANGARR1,2023,FY23-24,0.0205,2.0-proxy,192177.0,12,2023-07,2024-06,True
GANGARR1,2024,FY24-25,0.1929,2.0-proxy,182466.0,12,2024-07,2025-06,True
GANGARR1,2025,FY25-26,0.3486,2.0-proxy,173791.0,12,2025-07,2026-06,True
GANGARR1,2026,FY26-27,0.0518,2.0-proxy,35181.0,2,2026-07,2026-08,False
GANNSF1,2021,FY21-22,0.0465,2.0-proxy,95288.0,10,2021-09,2022-06,False
GANNSF1,2022,FY22-23,0.0454,2.0-proxy,104044.0,12,2022-07,2023-06,True
GANNSF1,2023,FY23-24,0.0522,2.0-proxy,105620.0,12,2023-07,2024-06,True
GANNSF1,2024,FY24-25,0.0546,2.0-proxy,99497.0,12,2024-07,2025-06,True
GANNSF1,2025,FY25-26,0.079,2.0-proxy,99287.0,12,2025-07,2026-06,True
GANNSF1,2026,FY26-27,0.0241,2.0-proxy,9564.0,2,2026-07,2026-08,False
GESF1,2025,FY25-26,0.2944,2.0-proxy,52754.0,8,2025-11,2026-06,False
GESF1,2026,FY26-27,0.3561,2.0-proxy,18887.0,2,2026-07,2026-08,False
GIRGSF,2024,FY24-25,0.265,2.0-proxy,97744.0,12,2024-07,2025-06,True
GIRGSF,2025,FY25-26,0.3429,2.0-proxy,110700.0,12,2025-07,2026-06,True
GIRGSF,2026,FY26-27,0.0744,2.0-proxy,18194.0,2,2026-07,2026-08,False
GLENSF1,2023,FY23-24,0.1959,2.0-proxy,86433.0,7,2023-12,2024-06,False
GLENSF1,2024,FY24-25,0.078,2.0-proxy,236053.0,12,2024-07,2025-06,True
GLENSF1,2025,FY25-26,0.0214,2.0-proxy,238783.0,12,2025-07,2026-06,True
GLENSF1,2026,FY26-27,0.0049,2.0-proxy,26200.0,2,2026-07,2026-08,False
GLRWNSF1,2021,FY21-22,0.0585,2.0-proxy,184620.0,10,2021-09,2022-06,False
GLRWNSF1,2022,FY22-23,0.0655,2.0-proxy,214712.0,12,2022-07,2023-06,True
GLRWNSF1,2023,FY23-24,0.199,2.0-proxy,212408.0,12,2023-07,2024-06,True
GLRWNSF1,2024,FY24-25,0.2409,2.0-proxy,197694.0,12,2024-07,2025-06,True
GLRWNSF1,2025,FY25-26,0.3528,2.0-proxy,158982.0,12,2025-07,2026-06,True
GLRWNSF1,2026,FY26-27,0.0576,2.0-proxy,25759.0,2,2026-07,2026-08,False
GNNDHSF1,2021,FY21-22,0.0687,2.0-proxy,164228.0,10,2021-09,2022-06,False
GNNDHSF1,2022,FY22-23,0.1138,2.0-proxy,237896.0,12,2022-07,2023-06,True
GNNDHSF1,2023,FY23-24,0.1354,2.0-proxy,240245.0,12,2023-07,2024-06,True
GNNDHSF1,2024,FY24-25,0.1888,2.0-proxy,201153.0,12,2024-07,2025-06,True
GNNDHSF1,2025,FY25-26,0.3015,2.0-proxy,191840.0,12,2025-07,2026-06,True
GNNDHSF1,2026,FY26-27,0.0679,2.0-proxy,39397.0,2,2026-07,2026-08,False
GOESF1,2025,FY25-26,0.1586,2.0-proxy,106562.0,8,2025-11,2026-06,False
GOESF1,2026,FY26-27,0.091,2.0-proxy,58938.0,2,2026-07,2026-08,False
GOONSF1,2021,FY21-22,0.1511,2.0-proxy,120473.0,10,2021-09,2022-06,False
GOONSF1,2022,FY22-23,0.2215,2.0-proxy,117076.0,12,2022-07,2023-06,True
GOONSF1,2023,FY23-24,0.1388,2.0-proxy,145417.0,12,2023-07,2024-06,True
GOONSF1,2024,FY24-25,0.3634,2.0-proxy,101789.0,12,2024-07,2025-06,True
GOONSF1,2025,FY25-26,0.4689,2.0-proxy,77837.0,12,2025-07,2026-06,True
GOONSF1,2026,FY26-27,0.0912,2.0-proxy,16899.0,2,2026-07,2026-08,False
GPWFEST1,2024,FY24-25,0.088,2.0-proxy,154499.0,7,2024-12,2025-06,False
GPWFEST1,2025,FY25-26,0.3294,2.0-proxy,514662.0,12,2025-07,2026-06,True
GPWFEST1,2026,FY26-27,0.1851,2.0-proxy,104482.0,2,2026-07,2026-08,False
GPWFEST2,2024,FY24-25,0.1119,2.0-proxy,209781.0,10,2024-09,2025-06,False
GPWFEST2,2025,FY25-26,0.3508,2.0-proxy,491868.0,12,2025-07,2026-06,True
GPWFEST2,2026,FY26-27,0.2046,2.0-proxy,98664.0,2,2026-07,2026-08,False
GPWFEST3,2024,FY24-25,0.0123,2.0-proxy,8622.0,2,2025-05,2025-06,False
GPWFEST3,2025,FY25-26,0.2153,2.0-proxy,507798.0,12,2025-07,2026-06,True
GPWFEST3,2026,FY26-27,0.0283,2.0-proxy,116765.0,2,2026-07,2026-08,False
GPWFWST1,2025,FY25-26,0.3309,2.0-proxy,93623.0,6,2026-01,2026-06,False
GPWFWST1,2026,FY26-27,0.2957,2.0-proxy,90647.0,2,2026-07,2026-08,False
GPWFWST2,2025,FY25-26,0.2602,2.0-proxy,11381.0,2,2026-05,2026-06,False
GPWFWST2,2026,FY26-27,0.2082,2.0-proxy,68324.0,2,2026-07,2026-08,False
GRANWF1,2021,FY21-22,0.0,2.0-proxy,290711.0,10,2021-09,2022-06,False
GRANWF1,2022,FY22-23,0.0435,2.0-proxy,363436.0,12,2022-07,2023-06,True
GRANWF1,2023,FY23-24,0.0033,2.0-proxy,354015.0,12,2023-07,2024-06,True
GRANWF1,2024,FY24-25,0.0012,2.0-proxy,366041.0,12,2024-07,2025-06,True
GRANWF1,2025,FY25-26,0.0,2.0-proxy,396123.0,12,2025-07,2026-06,True
GRANWF1,2026,FY26-27,0.0011,2.0-proxy,70178.0,2,2026-07,2026-08,False
GSWF1A,2023,FY23-24,0.0,2.0-proxy,4229.0,3,2024-04,2024-06,False
GSWF1A,2024,FY24-25,0.1796,2.0-proxy,350684.0,12,2024-07,2025-06,True
GSWF1A,2025,FY25-26,0.0939,2.0-proxy,668693.0,12,2025-07,2026-06,True
GSWF1A,2026,FY26-27,0.0243,2.0-proxy,119225.0,2,2026-07,2026-08,False
GSWF1B1,2024,FY24-25,0.1556,2.0-proxy,115723.0,8,2024-11,2025-06,False
GSWF1B1,2025,FY25-26,0.2788,2.0-proxy,456789.0,12,2025-07,2026-06,True
GSWF1B1,2026,FY26-27,0.1374,2.0-proxy,91626.0,2,2026-07,2026-08,False
GULLRSF1,2021,FY21-22,0.0518,2.0-proxy,13883.0,10,2021-09,2022-06,False
GULLRSF1,2022,FY22-23,0.048,2.0-proxy,17413.0,12,2022-07,2023-06,True
GULLRSF1,2023,FY23-24,0.0349,2.0-proxy,19518.0,12,2023-07,2024-06,True
GULLRSF1,2024,FY24-25,0.1456,2.0-proxy,17280.0,12,2024-07,2025-06,True
GULLRSF1,2025,FY25-26,0.2819,2.0-proxy,14339.0,12,2025-07,2026-06,True
GULLRSF1,2026,FY26-27,0.0312,2.0-proxy,2741.0,2,2026-07,2026-08,False
GULLRWF1,2021,FY21-22,0.0,2.0-proxy,381940.0,10,2021-09,2022-06,False
GULLRWF1,2022,FY22-23,0.0036,2.0-proxy,468033.0,12,2022-07,2023-06,True
GULLRWF1,2023,FY23-24,0.0,2.0-proxy,391300.0,12,2023-07,2024-06,True
GULLRWF1,2024,FY24-25,0.0155,2.0-proxy,436109.0,12,2024-07,2025-06,True
GULLRWF1,2025,FY25-26,0.0031,2.0-proxy,468985.0,12,2025-07,2026-06,True
GULLRWF1,2026,FY26-27,0.0,2.0-proxy,85056.0,2,2026-07,2026-08,False
GULLRWF2,2021,FY21-22,0.0467,2.0-proxy,215364.0,10,2021-09,2022-06,False
GULLRWF2,2022,FY22-23,0.0226,2.0-proxy,366793.0,12,2022-07,2023-06,True
GULLRWF2,2023,FY23-24,0.0153,2.0-proxy,310226.0,12,2023-07,2024-06,True
GULLRWF2,2024,FY24-25,0.0565,2.0-proxy,345322.0,12,2024-07,2025-06,True
GULLRWF2,2025,FY25-26,0.0047,2.0-proxy,381718.0,12,2025-07,2026-06,True
GULLRWF2,2026,FY26-27,0.0,2.0-proxy,63326.0,2,2026-07,2026-08,False
GUNNING1,2021,FY21-22,0.0048,2.0-proxy,124570.0,10,2021-09,2022-06,False
GUNNING1,2022,FY22-23,0.0116,2.0-proxy,138666.0,12,2022-07,2023-06,True
GUNNING1,2023,FY23-24,0.0241,2.0-proxy,135604.0,12,2023-07,2024-06,True
GUNNING1,2024,FY24-25,0.018,2.0-proxy,152042.0,12,2024-07,2025-06,True
GUNNING1,2025,FY25-26,0.0217,2.0-proxy,160306.0,12,2025-07,2026-06,True
GUNNING1,2026,FY26-27,0.0157,2.0-proxy,27968.0,2,2026-07,2026-08,False
GUSF1,2025,FY25-26,0.0922,2.0-proxy,73984.0,8,2025-11,2026-06,False
GUSF1,2026,FY26-27,0.0499,2.0-proxy,29928.0,2,2026-07,2026-08,False
HALLWF1,2021,FY21-22,0.0911,2.0-proxy,237760.0,10,2021-09,2022-06,False
HALLWF1,2022,FY22-23,0.0977,2.0-proxy,277098.0,12,2022-07,2023-06,True
HALLWF1,2023,FY23-24,0.0903,2.0-proxy,205601.0,12,2023-07,2024-06,True
HALLWF1,2024,FY24-25,0.1208,2.0-proxy,254979.0,12,2024-07,2025-06,True
HALLWF1,2025,FY25-26,0.1932,2.0-proxy,242662.0,12,2025-07,2026-06,True
HALLWF1,2026,FY26-27,0.0735,2.0-proxy,47869.0,2,2026-07,2026-08,False
HALLWF2,2021,FY21-22,0.0688,2.0-proxy,177915.0,10,2021-09,2022-06,False
HALLWF2,2022,FY22-23,0.0912,2.0-proxy,211786.0,12,2022-07,2023-06,True
HALLWF2,2023,FY23-24,0.1003,2.0-proxy,171865.0,12,2023-07,2024-06,True
HALLWF2,2024,FY24-25,0.1084,2.0-proxy,190524.0,12,2024-07,2025-06,True
HALLWF2,2025,FY25-26,0.1913,2.0-proxy,185499.0,12,2025-07,2026-06,True
HALLWF2,2026,FY26-27,0.089,2.0-proxy,32590.0,2,2026-07,2026-08,False
HAMISF1,2021,FY21-22,0.0708,2.0-proxy,102807.0,10,2021-09,2022-06,False
HAMISF1,2022,FY22-23,0.0198,2.0-proxy,112963.0,12,2022-07,2023-06,True
HAMISF1,2023,FY23-24,0.011,2.0-proxy,114820.0,12,2023-07,2024-06,True
HAMISF1,2024,FY24-25,0.0739,2.0-proxy,106937.0,12,2024-07,2025-06,True
HAMISF1,2025,FY25-26,0.2526,2.0-proxy,86034.0,12,2025-07,2026-06,True
HAMISF1,2026,FY26-27,0.1023,2.0-proxy,12385.0,2,2026-07,2026-08,False
HAUGHT11,2021,FY21-22,0.0494,2.0-proxy,200770.0,10,2021-09,2022-06,False
HAUGHT11,2022,FY22-23,0.0642,2.0-proxy,228824.0,12,2022-07,2023-06,True
HAUGHT11,2023,FY23-24,0.1447,2.0-proxy,208427.0,12,2023-07,2024-06,True
HAUGHT11,2024,FY24-25,0.0871,2.0-proxy,208224.0,12,2024-07,2025-06,True
HAUGHT11,2025,FY25-26,0.0367,2.0-proxy,233812.0,12,2025-07,2026-06,True
HAUGHT11,2026,FY26-27,0.02,2.0-proxy,38644.0,2,2026-07,2026-08,False
HAYMSF1,2021,FY21-22,0.0578,2.0-proxy,87676.0,10,2021-09,2022-06,False
HAYMSF1,2022,FY22-23,0.1278,2.0-proxy,93109.0,12,2022-07,2023-06,True
HAYMSF1,2023,FY23-24,0.0806,2.0-proxy,96257.0,12,2023-07,2024-06,True
HAYMSF1,2024,FY24-25,0.2149,2.0-proxy,82494.0,12,2024-07,2025-06,True
HAYMSF1,2025,FY25-26,0.3349,2.0-proxy,69320.0,12,2025-07,2026-06,True
HAYMSF1,2026,FY26-27,0.0693,2.0-proxy,13581.0,2,2026-07,2026-08,False
HD1WF1,2023,FY23-24,0.0068,2.0-proxy,353.0,1,2024-06,2024-06,False
HD1WF1,2024,FY24-25,0.1828,2.0-proxy,240747.0,12,2024-07,2025-06,True
HD1WF1,2025,FY25-26,0.2574,2.0-proxy,258889.0,12,2025-07,2026-06,True
HD1WF1,2026,FY26-27,0.1214,2.0-proxy,53865.0,2,2026-07,2026-08,False
HDWF1,2021,FY21-22,0.0164,2.0-proxy,292323.0,10,2021-09,2022-06,False
HDWF1,2022,FY22-23,0.0064,2.0-proxy,362925.0,12,2022-07,2023-06,True
HDWF1,2023,FY23-24,0.0075,2.0-proxy,337581.0,12,2023-07,2024-06,True
HDWF1,2024,FY24-25,0.001,2.0-proxy,363535.0,12,2024-07,2025-06,True
HDWF1,2025,FY25-26,0.0,2.0-proxy,356824.0,12,2025-07,2026-06,True
HDWF1,2026,FY26-27,0.0029,2.0-proxy,52883.0,2,2026-07,2026-08,False
HDWF2,2021,FY21-22,0.0155,2.0-proxy,276976.0,10,2021-09,2022-06,False
HDWF2,2022,FY22-23,0.0085,2.0-proxy,341212.0,12,2022-07,2023-06,True
HDWF2,2023,FY23-24,0.004,2.0-proxy,314311.0,12,2023-07,2024-06,True
HDWF2,2024,FY24-25,0.0,2.0-proxy,350524.0,12,2024-07,2025-06,True
HDWF2,2025,FY25-26,0.0,2.0-proxy,348447.0,12,2025-07,2026-06,True
HDWF2,2026,FY26-27,0.0,2.0-proxy,49967.0,2,2026-07,2026-08,False
HDWF3,2021,FY21-22,0.0161,2.0-proxy,293828.0,10,2021-09,2022-06,False
HDWF3,2022,FY22-23,0.0087,2.0-proxy,366337.0,12,2022-07,2023-06,True
HDWF3,2023,FY23-24,0.0067,2.0-proxy,328759.0,12,2023-07,2024-06,True
HDWF3,2024,FY24-25,0.0,2.0-proxy,374720.0,12,2024-07,2025-06,True
HDWF3,2025,FY25-26,0.0,2.0-proxy,372821.0,12,2025-07,2026-06,True
HDWF3,2026,FY26-27,0.0,2.0-proxy,55707.0,2,2026-07,2026-08,False
HILLSTN1,2021,FY21-22,0.0358,2.0-proxy,75180.0,9,2021-10,2022-06,False
HILLSTN1,2022,FY22-23,0.0269,2.0-proxy,204677.0,12,2022-07,2023-06,True
HILLSTN1,2023,FY23-24,0.1442,2.0-proxy,191399.0,12,2023-07,2024-06,True
HILLSTN1,2024,FY24-25,0.3083,2.0-proxy,149455.0,12,2024-07,2025-06,True
HILLSTN1,2025,FY25-26,0.251,2.0-proxy,160049.0,12,2025-07,2026-06,True
HILLSTN1,2026,FY26-27,0.034,2.0-proxy,24073.0,2,2026-07,2026-08,False
HVWWPV1,2021,FY21-22,0.28,2.0-proxy,306.0,1,2022-06,2022-06,False
HVWWPV1,2022,FY22-23,0.2095,2.0-proxy,8233.0,12,2022-07,2023-06,True
HVWWPV1,2023,FY23-24,0.2369,2.0-proxy,6997.0,12,2023-07,2024-06,True
HVWWPV1,2024,FY24-25,0.2553,2.0-proxy,11066.0,12,2024-07,2025-06,True
HVWWPV1,2025,FY25-26,0.3271,2.0-proxy,10668.0,12,2025-07,2026-06,True
HVWWPV1,2026,FY26-27,0.0929,2.0-proxy,1541.0,2,2026-07,2026-08,False
JEMALNG1,2021,FY21-22,0.0694,2.0-proxy,95702.0,10,2021-09,2022-06,False
JEMALNG1,2022,FY22-23,0.1003,2.0-proxy,104608.0,12,2022-07,2023-06,True
JEMALNG1,2023,FY23-24,0.0729,2.0-proxy,111664.0,12,2023-07,2024-06,True
JEMALNG1,2024,FY24-25,0.119,2.0-proxy,108788.0,12,2024-07,2025-06,True
JEMALNG1,2025,FY25-26,0.351,2.0-proxy,75923.0,12,2025-07,2026-06,True
JEMALNG1,2026,FY26-27,0.1017,2.0-proxy,12293.0,2,2026-07,2026-08,False
JUNEESF1,2021,FY21-22,0.0213,2.0-proxy,29100.0,9,2021-09,2022-06,False
JUNEESF1,2022,FY22-23,0.0525,2.0-proxy,62938.0,12,2022-07,2023-06,True
JUNEESF1,2023,FY23-24,0.1625,2.0-proxy,57854.0,12,2023-07,2024-06,True
JUNEESF1,2024,FY24-25,0.297,2.0-proxy,48878.0,12,2024-07,2025-06,True
JUNEESF1,2025,FY25-26,0.301,2.0-proxy,46400.0,12,2025-07,2026-06,True
JUNEESF1,2026,FY26-27,0.0651,2.0-proxy,7399.0,2,2026-07,2026-08,False
KABANWF1,2022,FY22-23,0.026,2.0-proxy,114968.0,10,2022-09,2023-06,False
KABANWF1,2023,FY23-24,0.007,2.0-proxy,420510.0,12,2023-07,2024-06,True
KABANWF1,2024,FY24-25,0.0114,2.0-proxy,350671.0,12,2024-07,2025-06,True
KABANWF1,2025,FY25-26,0.0763,2.0-proxy,336793.0,12,2025-07,2026-06,True
KABANWF1,2026,FY26-27,0.0209,2.0-proxy,78956.0,2,2026-07,2026-08,False
KARSF1,2021,FY21-22,0.1826,2.0-proxy,148295.0,10,2021-09,2022-06,False
KARSF1,2022,FY22-23,0.1451,2.0-proxy,180976.0,12,2022-07,2023-06,True
KARSF1,2023,FY23-24,0.317,2.0-proxy,126994.0,12,2023-07,2024-06,True
KARSF1,2024,FY24-25,0.1687,2.0-proxy,173301.0,12,2024-07,2025-06,True
KARSF1,2025,FY25-26,0.1709,2.0-proxy,172669.0,12,2025-07,2026-06,True
KARSF1,2026,FY26-27,0.0525,2.0-proxy,19722.0,2,2026-07,2026-08,False
KEPSF1,2021,FY21-22,0.3766,2.0-proxy,10213.0,10,2021-09,2022-06,False
KEPSF1,2022,FY22-23,0.2148,2.0-proxy,28719.0,12,2022-07,2023-06,True
KEPSF1,2023,FY23-24,0.1145,2.0-proxy,25486.0,12,2023-07,2024-06,True
KEPSF1,2024,FY24-25,0.0902,2.0-proxy,23934.0,12,2024-07,2025-06,True
KEPSF1,2025,FY25-26,0.0738,2.0-proxy,16786.0,12,2025-07,2026-06,True
KEPSF1,2026,FY26-27,0.0475,2.0-proxy,2147.0,2,2026-07,2026-08,False
KEPWF1,2021,FY21-22,0.0621,2.0-proxy,45062.0,10,2021-09,2022-06,False
KEPWF1,2022,FY22-23,0.0393,2.0-proxy,125304.0,12,2022-07,2023-06,True
KEPWF1,2023,FY23-24,0.009,2.0-proxy,149879.0,12,2023-07,2024-06,True
KEPWF1,2024,FY24-25,0.024,2.0-proxy,169502.0,12,2024-07,2025-06,True
KEPWF1,2025,FY25-26,0.0136,2.0-proxy,123336.0,12,2025-07,2026-06,True
KEPWF1,2026,FY26-27,0.007,2.0-proxy,18365.0,2,2026-07,2026-08,False
KERNGSP1,2024,FY24-25,0.049,2.0-proxy,7022.0,5,2025-02,2025-06,False
KERNGSP1,2025,FY25-26,0.1812,2.0-proxy,55124.0,12,2025-07,2026-06,True
KERNGSP1,2026,FY26-27,0.2156,2.0-proxy,5624.0,2,2026-07,2026-08,False
KIAMSF1,2021,FY21-22,0.0855,2.0-proxy,283881.0,10,2021-09,2022-06,False
KIAMSF1,2022,FY22-23,0.0853,2.0-proxy,262439.0,12,2022-07,2023-06,True
KIAMSF1,2023,FY23-24,0.1092,2.0-proxy,399956.0,12,2023-07,2024-06,True
KIAMSF1,2024,FY24-25,0.1136,2.0-proxy,376680.0,12,2024-07,2025-06,True
KIAMSF1,2025,FY25-26,0.1487,2.0-proxy,387741.0,12,2025-07,2026-06,True
KIAMSF1,2026,FY26-27,0.0386,2.0-proxy,45764.0,2,2026-07,2026-08,False
KIATAWF1,2021,FY21-22,0.0297,2.0-proxy,105049.0,10,2021-09,2022-06,False
KIATAWF1,2022,FY22-23,0.0173,2.0-proxy,126453.0,12,2022-07,2023-06,True
KIATAWF1,2023,FY23-24,0.1119,2.0-proxy,101413.0,12,2023-07,2024-06,True
KIATAWF1,2024,FY24-25,0.1789,2.0-proxy,108516.0,12,2024-07,2025-06,True
KIATAWF1,2025,FY25-26,0.2954,2.0-proxy,94349.0,12,2025-07,2026-06,True
KIATAWF1,2026,FY26-27,0.0432,2.0-proxy,18422.0,2,2026-07,2026-08,False
KINGASF1,2024,FY24-25,0.1738,2.0-proxy,45870.0,10,2024-09,2025-06,False
KINGASF1,2025,FY25-26,0.2694,2.0-proxy,73225.0,12,2025-07,2026-06,True
KINGASF1,2026,FY26-27,0.1881,2.0-proxy,11931.0,2,2026-07,2026-08,False
KSP1,2021,FY21-22,0.0673,2.0-proxy,98229.0,10,2021-09,2022-06,False
KSP1,2022,FY22-23,0.0676,2.0-proxy,115984.0,12,2022-07,2023-06,True
KSP1,2023,FY23-24,0.1,2.0-proxy,107847.0,12,2023-07,2024-06,True
KSP1,2024,FY24-25,0.2351,2.0-proxy,90350.0,12,2024-07,2025-06,True
KSP1,2025,FY25-26,0.3459,2.0-proxy,79558.0,12,2025-07,2026-06,True
KSP1,2026,FY26-27,0.1516,2.0-proxy,17773.0,2,2026-07,2026-08,False
LANCSF1,2025,FY25-26,0.0372,2.0-proxy,1544.0,4,2026-03,2026-06,False
LANCSF1,2026,FY26-27,0.0561,2.0-proxy,9419.0,2,2026-07,2026-08,False
LGAPWF1,2021,FY21-22,0.0901,2.0-proxy,348470.0,10,2021-09,2022-06,False
LGAPWF1,2022,FY22-23,0.0699,2.0-proxy,414017.0,12,2022-07,2023-06,True
LGAPWF1,2023,FY23-24,0.1002,2.0-proxy,328910.0,12,2023-07,2024-06,True
LGAPWF1,2024,FY24-25,0.1458,2.0-proxy,289122.0,12,2024-07,2025-06,True
LGAPWF1,2025,FY25-26,0.1782,2.0-proxy,219252.0,12,2025-07,2026-06,True
LGAPWF1,2026,FY26-27,0.0977,2.0-proxy,42851.0,2,2026-07,2026-08,False
LGAPWF2,2021,FY21-22,0.0432,2.0-proxy,104886.0,7,2021-12,2022-06,False
LGAPWF2,2022,FY22-23,0.0768,2.0-proxy,290147.0,12,2022-07,2023-06,True
LGAPWF2,2023,FY23-24,0.1132,2.0-proxy,255185.0,12,2023-07,2024-06,True
LGAPWF2,2024,FY24-25,0.1653,2.0-proxy,255198.0,12,2024-07,2025-06,True
LGAPWF2,2025,FY25-26,0.1994,2.0-proxy,251724.0,12,2025-07,2026-06,True
LGAPWF2,2026,FY26-27,0.1002,2.0-proxy,32757.0,2,2026-07,2026-08,False
LILYSF1,2021,FY21-22,0.1348,2.0-proxy,177022.0,10,2021-09,2022-06,False
LILYSF1,2022,FY22-23,0.1289,2.0-proxy,186166.0,12,2022-07,2023-06,True
LILYSF1,2023,FY23-24,0.0965,2.0-proxy,169254.0,12,2023-07,2024-06,True
LILYSF1,2024,FY24-25,0.1022,2.0-proxy,179323.0,12,2024-07,2025-06,True
LILYSF1,2025,FY25-26,0.0369,2.0-proxy,206619.0,12,2025-07,2026-06,True
LILYSF1,2026,FY26-27,0.2242,2.0-proxy,21227.0,2,2026-07,2026-08,False
LIMOSF11,2021,FY21-22,0.2387,2.0-proxy,351409.0,10,2021-09,2022-06,False
LIMOSF11,2022,FY22-23,0.1736,2.0-proxy,391378.0,12,2022-07,2023-06,True
LIMOSF11,2023,FY23-24,0.133,2.0-proxy,473530.0,12,2023-07,2024-06,True
LIMOSF11,2024,FY24-25,0.2549,2.0-proxy,361950.0,12,2024-07,2025-06,True
LIMOSF11,2025,FY25-26,0.234,2.0-proxy,327063.0,12,2025-07,2026-06,True
LIMOSF11,2026,FY26-27,0.0538,2.0-proxy,52302.0,2,2026-07,2026-08,False
LIMOSF21,2021,FY21-22,0.2348,2.0-proxy,46684.0,10,2021-09,2022-06,False
LIMOSF21,2022,FY22-23,0.1607,2.0-proxy,52059.0,12,2022-07,2023-06,True
LIMOSF21,2023,FY23-24,0.1373,2.0-proxy,64468.0,12,2023-07,2024-06,True
LIMOSF21,2024,FY24-25,0.254,2.0-proxy,56909.0,12,2024-07,2025-06,True
LIMOSF21,2025,FY25-26,0.2101,2.0-proxy,55145.0,12,2025-07,2026-06,True
LIMOSF21,2026,FY26-27,0.0587,2.0-proxy,7641.0,2,2026-07,2026-08,False
LKBONNY1,2021,FY21-22,0.0955,2.0-proxy,87571.0,7,2021-12,2022-06,False
LKBONNY1,2022,FY22-23,0.1777,2.0-proxy,142160.0,12,2022-07,2023-06,True
LKBONNY1,2023,FY23-24,0.2051,2.0-proxy,130554.0,12,2023-07,2024-06,True
LKBONNY1,2024,FY24-25,0.2637,2.0-proxy,125973.0,12,2024-07,2025-06,True
LKBONNY1,2025,FY25-26,0.3005,2.0-proxy,142846.0,12,2025-07,2026-06,True
LKBONNY1,2026,FY26-27,0.1665,2.0-proxy,28465.0,2,2026-07,2026-08,False
LKBONNY2,2021,FY21-22,0.167,2.0-proxy,272419.0,10,2021-09,2022-06,False
LKBONNY2,2022,FY22-23,0.1486,2.0-proxy,320843.0,12,2022-07,2023-06,True
LKBONNY2,2023,FY23-24,0.1079,2.0-proxy,289886.0,12,2023-07,2024-06,True
LKBONNY2,2024,FY24-25,0.2,2.0-proxy,295744.0,12,2024-07,2025-06,True
LKBONNY2,2025,FY25-26,0.2496,2.0-proxy,324666.0,12,2025-07,2026-06,True
LKBONNY2,2026,FY26-27,0.1858,2.0-proxy,57397.0,2,2026-07,2026-08,False
LKBONNY3,2021,FY21-22,0.1496,2.0-proxy,67771.0,10,2021-09,2022-06,False
LKBONNY3,2022,FY22-23,0.1885,2.0-proxy,74884.0,12,2022-07,2023-06,True
LKBONNY3,2023,FY23-24,0.2044,2.0-proxy,61925.0,12,2023-07,2024-06,True
LKBONNY3,2024,FY24-25,0.2652,2.0-proxy,61431.0,12,2024-07,2025-06,True
LKBONNY3,2025,FY25-26,0.2733,2.0-proxy,73696.0,12,2025-07,2026-06,True
LKBONNY3,2026,FY26-27,0.1739,2.0-proxy,14334.0,2,2026-07,2026-08,False
MACARTH1,2021,FY21-22,0.0494,2.0-proxy,563530.0,10,2021-09,2022-06,False
MACARTH1,2022,FY22-23,0.0292,2.0-proxy,646280.0,12,2022-07,2023-06,True
MACARTH1,2023,FY23-24,0.0786,2.0-proxy,635961.0,12,2023-07,2024-06,True
MACARTH1,2024,FY24-25,0.1393,2.0-proxy,575329.0,12,2024-07,2025-06,True
MACARTH1,2025,FY25-26,0.2358,2.0-proxy,725381.0,12,2025-07,2026-06,True
MACARTH1,2026,FY26-27,0.1277,2.0-proxy,136660.0,2,2026-07,2026-08,False
MANNSF2,2023,FY23-24,0.133,2.0-proxy,8791.0,7,2023-12,2024-06,False
MANNSF2,2024,FY24-25,0.3248,2.0-proxy,41232.0,12,2024-07,2025-06,True
MANNSF2,2025,FY25-26,0.2805,2.0-proxy,41484.0,12,2025-07,2026-06,True
MANNSF2,2026,FY26-27,0.045,2.0-proxy,5718.0,2,2026-07,2026-08,False
MANSLR1,2021,FY21-22,0.5005,2.0-proxy,43718.0,10,2021-09,2022-06,False
MANSLR1,2022,FY22-23,0.5524,2.0-proxy,42544.0,12,2022-07,2023-06,True
MANSLR1,2023,FY23-24,0.523,2.0-proxy,47071.0,12,2023-07,2024-06,True
MANSLR1,2024,FY24-25,0.6709,2.0-proxy,31408.0,12,2024-07,2025-06,True
MANSLR1,2025,FY25-26,0.6725,2.0-proxy,29394.0,12,2025-07,2026-06,True
MANSLR1,2026,FY26-27,0.2734,2.0-proxy,6241.0,2,2026-07,2026-08,False
MAPS2PV1,2021,FY21-22,0.0969,2.0-proxy,1386.0,4,2021-09,2022-06,False
MAPS2PV1,2022,FY22-23,0.2225,2.0-proxy,18975.0,12,2022-07,2023-06,True
MAPS2PV1,2023,FY23-24,0.2336,2.0-proxy,19512.0,12,2023-07,2024-06,True
MAPS2PV1,2024,FY24-25,0.2156,2.0-proxy,15278.0,12,2024-07,2025-06,True
MAPS2PV1,2025,FY25-26,0.2404,2.0-proxy,11289.0,11,2025-07,2026-06,False
MAPS2PV1,2026,FY26-27,0.0359,2.0-proxy,1743.0,2,2026-07,2026-08,False
MAPS3PV1,2022,FY22-23,0.3702,2.0-proxy,1067.0,3,2023-03,2023-06,False
MAPS3PV1,2023,FY23-24,0.2443,2.0-proxy,17121.0,12,2023-07,2024-06,True
MAPS3PV1,2024,FY24-25,0.1833,2.0-proxy,12643.0,10,2024-07,2025-06,False
MAPS3PV1,2025,FY25-26,0.1384,2.0-proxy,12132.0,11,2025-07,2026-06,False
MAPS3PV1,2026,FY26-27,0.064,2.0-proxy,2035.0,2,2026-07,2026-08,False
MARYRSF1,2021,FY21-22,0.0486,2.0-proxy,50061.0,10,2021-09,2022-06,False
MARYRSF1,2022,FY22-23,0.0434,2.0-proxy,59358.0,12,2022-07,2023-06,True
MARYRSF1,2023,FY23-24,0.0154,2.0-proxy,61217.0,12,2023-07,2024-06,True
MARYRSF1,2024,FY24-25,0.1155,2.0-proxy,52800.0,12,2024-07,2025-06,True
MARYRSF1,2025,FY25-26,0.3663,2.0-proxy,39533.0,12,2025-07,2026-06,True
MARYRSF1,2026,FY26-27,0.1346,2.0-proxy,7289.0,2,2026-07,2026-08,False
MBPS2PV1,2021,FY21-22,0.0342,2.0-proxy,2586.0,5,2022-02,2022-06,False
MBPS2PV1,2022,FY22-23,0.1998,2.0-proxy,13020.0,12,2022-07,2023-06,True
MBPS2PV1,2023,FY23-24,0.2397,2.0-proxy,12537.0,12,2023-07,2024-06,True
MBPS2PV1,2024,FY24-25,0.2613,2.0-proxy,12957.0,12,2024-07,2025-06,True
MBPS2PV1,2025,FY25-26,0.3578,2.0-proxy,7169.0,10,2025-07,2026-06,False
MBPS2PV1,2026,FY26-27,0.1345,2.0-proxy,1627.0,2,2026-07,2026-08,False
MCINTYR1,2024,FY24-25,0.0266,2.0-proxy,268222.0,9,2024-10,2025-06,False
MCINTYR1,2025,FY25-26,0.0035,2.0-proxy,1313740.0,12,2025-07,2026-06,True
MCINTYR1,2026,FY26-27,0.0037,2.0-proxy,263963.0,2,2026-07,2026-08,False
MERCER01,2021,FY21-22,0.0353,2.0-proxy,259906.0,10,2021-09,2022-06,False
MERCER01,2022,FY22-23,0.0891,2.0-proxy,308544.0,12,2022-07,2023-06,True
MERCER01,2023,FY23-24,0.1906,2.0-proxy,251519.0,12,2023-07,2024-06,True
MERCER01,2024,FY24-25,0.2792,2.0-proxy,259598.0,12,2024-07,2025-06,True
MERCER01,2025,FY25-26,0.1581,2.0-proxy,310533.0,12,2025-07,2026-06,True
MERCER01,2026,FY26-27,0.0907,2.0-proxy,52223.0,2,2026-07,2026-08,False
METZSF1,2021,FY21-22,0.0823,2.0-proxy,7828.0,4,2022-03,2022-06,False
METZSF1,2022,FY22-23,0.0,2.0-proxy,236426.0,12,2022-07,2023-06,True
METZSF1,2023,FY23-24,0.0072,2.0-proxy,220192.0,12,2023-07,2024-06,True
METZSF1,2024,FY24-25,0.0711,2.0-proxy,218838.0,12,2024-07,2025-06,True
METZSF1,2025,FY25-26,0.1716,2.0-proxy,214152.0,12,2025-07,2026-06,True
METZSF1,2026,FY26-27,0.0252,2.0-proxy,36319.0,2,2026-07,2026-08,False
MEWF1,2021,FY21-22,0.047,2.0-proxy,341561.0,10,2021-09,2022-06,False
MEWF1,2022,FY22-23,0.0273,2.0-proxy,424499.0,12,2022-07,2023-06,True
MEWF1,2023,FY23-24,0.0229,2.0-proxy,504567.0,12,2023-07,2024-06,True
MEWF1,2024,FY24-25,0.0395,2.0-proxy,437071.0,12,2024-07,2025-06,True
MEWF1,2025,FY25-26,0.0189,2.0-proxy,448332.0,12,2025-07,2026-06,True
MEWF1,2026,FY26-27,0.0325,2.0-proxy,112526.0,2,2026-07,2026-08,False
MIDDLSF1,2021,FY21-22,0.0816,2.0-proxy,48591.0,10,2021-09,2022-06,False
MIDDLSF1,2022,FY22-23,0.0486,2.0-proxy,58345.0,12,2022-07,2023-06,True
MIDDLSF1,2023,FY23-24,0.0314,2.0-proxy,60360.0,12,2023-07,2024-06,True
MIDDLSF1,2024,FY24-25,0.02,2.0-proxy,47990.0,12,2024-07,2025-06,True
MIDDLSF1,2025,FY25-26,0.259,2.0-proxy,44906.0,12,2025-07,2026-06,True
MIDDLSF1,2026,FY26-27,0.2896,2.0-proxy,6589.0,2,2026-07,2026-08,False
MOKOSF1,2024,FY24-25,0.1075,2.0-proxy,29666.0,7,2024-12,2025-06,False
MOKOSF1,2025,FY25-26,0.4116,2.0-proxy,60927.0,12,2025-07,2026-06,True
MOKOSF1,2026,FY26-27,0.0617,2.0-proxy,10488.0,2,2026-07,2026-08,False
MOLNGSF1,2021,FY21-22,0.5403,2.0-proxy,27654.0,10,2021-09,2022-06,False
MOLNGSF1,2022,FY22-23,0.5078,2.0-proxy,34528.0,12,2022-07,2023-06,True
MOLNGSF1,2023,FY23-24,0.5764,2.0-proxy,31540.0,12,2023-07,2024-06,True
MOLNGSF1,2024,FY24-25,0.6756,2.0-proxy,22751.0,12,2024-07,2025-06,True
MOLNGSF1,2025,FY25-26,0.4936,2.0-proxy,34034.0,12,2025-07,2026-06,True
MOLNGSF1,2026,FY26-27,0.2632,2.0-proxy,6298.0,2,2026-07,2026-08,False
MOORAWF1,2021,FY21-22,0.1039,2.0-proxy,198353.0,10,2021-09,2022-06,False
MOORAWF1,2022,FY22-23,0.0636,2.0-proxy,849837.0,12,2022-07,2023-06,True
MOORAWF1,2023,FY23-24,0.0924,2.0-proxy,739682.0,12,2023-07,2024-06,True
MOORAWF1,2024,FY24-25,0.0903,2.0-proxy,840891.0,12,2024-07,2025-06,True
MOORAWF1,2025,FY25-26,0.0886,2.0-proxy,870639.0,12,2025-07,2026-06,True
MOORAWF1,2026,FY26-27,0.0303,2.0-proxy,156039.0,2,2026-07,2026-08,False
MOREESF1,2021,FY21-22,0.0,2.0-proxy,102351.0,10,2021-09,2022-06,False
MOREESF1,2022,FY22-23,0.0131,2.0-proxy,135174.0,12,2022-07,2023-06,True
MOREESF1,2023,FY23-24,0.0119,2.0-proxy,136932.0,12,2023-07,2024-06,True
MOREESF1,2024,FY24-25,0.0018,2.0-proxy,119616.0,12,2024-07,2025-06,True
MOREESF1,2025,FY25-26,0.017,2.0-proxy,137569.0,12,2025-07,2026-06,True
MOREESF1,2026,FY26-27,0.0342,2.0-proxy,13533.0,2,2026-07,2026-08,False
MOUSF1,2022,FY22-23,0.1819,2.0-proxy,74261.0,9,2022-10,2023-06,False
MOUSF1,2023,FY23-24,0.0164,2.0-proxy,179268.0,12,2023-07,2024-06,True
MOUSF1,2024,FY24-25,0.0042,2.0-proxy,206321.0,12,2024-07,2025-06,True
MOUSF1,2025,FY25-26,0.0238,2.0-proxy,218900.0,12,2025-07,2026-06,True
MOUSF1,2026,FY26-27,0.0291,2.0-proxy,23992.0,2,2026-07,2026-08,False
MRTLSWF1,2022,FY22-23,0.0133,2.0-proxy,100398.0,9,2022-10,2023-06,False
MRTLSWF1,2023,FY23-24,0.1348,2.0-proxy,277806.0,12,2023-07,2024-06,True
MRTLSWF1,2024,FY24-25,0.106,2.0-proxy,413737.0,12,2024-07,2025-06,True
MRTLSWF1,2025,FY25-26,0.023,2.0-proxy,495087.0,12,2025-07,2026-06,True
MRTLSWF1,2026,FY26-27,0.0093,2.0-proxy,79864.0,2,2026-07,2026-08,False
MTGELWF1,2021,FY21-22,0.0442,2.0-proxy,226635.0,10,2021-09,2022-06,False
MTGELWF1,2022,FY22-23,0.0265,2.0-proxy,275640.0,12,2022-07,2023-06,True
MTGELWF1,2023,FY23-24,0.0503,2.0-proxy,283419.0,12,2023-07,2024-06,True
MTGELWF1,2024,FY24-25,0.0523,2.0-proxy,312406.0,12,2024-07,2025-06,True
MTGELWF1,2025,FY25-26,0.0323,2.0-proxy,352289.0,12,2025-07,2026-06,True
MTGELWF1,2026,FY26-27,0.0009,2.0-proxy,62334.0,2,2026-07,2026-08,False
MTMILLAR,2021,FY21-22,0.1869,2.0-proxy,56228.0,5,2022-02,2022-06,False
MTMILLAR,2022,FY22-23,0.2666,2.0-proxy,143869.0,12,2022-07,2023-06,True
MTMILLAR,2023,FY23-24,0.1951,2.0-proxy,143958.0,12,2023-07,2024-06,True
MTMILLAR,2024,FY24-25,0.3052,2.0-proxy,141875.0,12,2024-07,2025-06,True
MTMILLAR,2025,FY25-26,0.151,2.0-proxy,172147.0,12,2025-07,2026-06,True
MTMILLAR,2026,FY26-27,0.0981,2.0-proxy,21707.0,2,2026-07,2026-08,False
MUCRKSF1,2025,FY25-26,0.1065,2.0-proxy,149129.0,10,2025-09,2026-06,False
MUCRKSF1,2026,FY26-27,0.2887,2.0-proxy,27224.0,2,2026-07,2026-08,False
MULWASF1,2025,FY25-26,0.0615,2.0-proxy,1632.0,2,2026-05,2026-06,False
MULWASF1,2026,FY26-27,0.4035,2.0-proxy,3479.0,2,2026-07,2026-08,False
MUSSELR1,2021,FY21-22,0.0154,2.0-proxy,436903.0,10,2021-09,2022-06,False
MUSSELR1,2022,FY22-23,0.0471,2.0-proxy,496397.0,12,2022-07,2023-06,True
MUSSELR1,2023,FY23-24,0.0132,2.0-proxy,538609.0,12,2023-07,2024-06,True
MUSSELR1,2024,FY24-25,0.0136,2.0-proxy,544497.0,12,2024-07,2025-06,True
MUSSELR1,2025,FY25-26,0.0193,2.0-proxy,562294.0,12,2025-07,2026-06,True
MUSSELR1,2026,FY26-27,0.0083,2.0-proxy,106944.0,2,2026-07,2026-08,False
MUWAWF1,2021,FY21-22,0.2024,2.0-proxy,483252.0,10,2021-09,2022-06,False
MUWAWF1,2022,FY22-23,0.1821,2.0-proxy,586470.0,12,2022-07,2023-06,True
MUWAWF1,2023,FY23-24,0.1929,2.0-proxy,481016.0,12,2023-07,2024-06,True
MUWAWF1,2024,FY24-25,0.2955,2.0-proxy,442502.0,12,2024-07,2025-06,True
MUWAWF1,2025,FY25-26,0.4217,2.0-proxy,454795.0,12,2025-07,2026-06,True
MUWAWF1,2026,FY26-27,0.2406,2.0-proxy,67859.0,2,2026-07,2026-08,False
MUWAWF2,2021,FY21-22,0.0957,2.0-proxy,17506.0,5,2022-02,2022-06,False
MUWAWF2,2022,FY22-23,0.0675,2.0-proxy,551173.0,12,2022-07,2023-06,True
MUWAWF2,2023,FY23-24,0.182,2.0-proxy,529134.0,12,2023-07,2024-06,True
MUWAWF2,2024,FY24-25,0.2502,2.0-proxy,530410.0,12,2024-07,2025-06,True
MUWAWF2,2025,FY25-26,0.3047,2.0-proxy,492092.0,12,2025-07,2026-06,True
MUWAWF2,2026,FY26-27,0.0956,2.0-proxy,77615.0,2,2026-07,2026-08,False
MWPS1PV1,2021,FY21-22,0.0118,2.0-proxy,8731.0,10,2021-09,2022-06,False
MWPS1PV1,2022,FY22-23,0.1509,2.0-proxy,6444.0,12,2022-07,2023-06,True
MWPS1PV1,2023,FY23-24,0.1341,2.0-proxy,4614.0,12,2023-07,2024-06,True
MWPS1PV1,2024,FY24-25,0.2754,2.0-proxy,5467.0,12,2024-07,2025-06,True
MWPS1PV1,2025,FY25-26,0.3889,2.0-proxy,5234.0,12,2025-07,2026-06,True
MWPS1PV1,2026,FY26-27,0.1454,2.0-proxy,820.0,2,2026-07,2026-08,False
MWPS2PV1,2021,FY21-22,0.0173,2.0-proxy,9257.0,10,2021-09,2022-06,False
MWPS2PV1,2022,FY22-23,0.1478,2.0-proxy,5862.0,12,2022-07,2023-06,True
MWPS2PV1,2023,FY23-24,0.1187,2.0-proxy,7544.0,12,2023-07,2024-06,True
MWPS2PV1,2024,FY24-25,0.2706,2.0-proxy,5334.0,12,2024-07,2025-06,True
MWPS2PV1,2025,FY25-26,0.3995,2.0-proxy,4610.0,12,2025-07,2026-06,True
MWPS2PV1,2026,FY26-27,0.1562,2.0-proxy,399.0,2,2026-07,2026-08,False
MWPS3PV1,2021,FY21-22,0.0856,2.0-proxy,9608.0,10,2021-09,2022-06,False
MWPS3PV1,2022,FY22-23,0.2305,2.0-proxy,9000.0,12,2022-07,2023-06,True
MWPS3PV1,2023,FY23-24,0.1075,2.0-proxy,7365.0,12,2023-07,2024-06,True
MWPS3PV1,2024,FY24-25,0.1479,2.0-proxy,5751.0,12,2024-07,2025-06,True
MWPS3PV1,2025,FY25-26,0.2859,2.0-proxy,4038.0,12,2025-07,2026-06,True
MWPS3PV1,2026,FY26-27,0.1393,2.0-proxy,499.0,2,2026-07,2026-08,False
MWPS4PV1,2021,FY21-22,0.0369,2.0-proxy,8719.0,10,2021-09,2022-06,False
MWPS4PV1,2022,FY22-23,0.1692,2.0-proxy,7464.0,12,2022-07,2023-06,True
MWPS4PV1,2023,FY23-24,0.1252,2.0-proxy,6836.0,12,2023-07,2024-06,True
MWPS4PV1,2024,FY24-25,0.2332,2.0-proxy,4965.0,12,2024-07,2025-06,True
MWPS4PV1,2025,FY25-26,0.3486,2.0-proxy,4520.0,12,2025-07,2026-06,True
MWPS4PV1,2026,FY26-27,0.0818,2.0-proxy,820.0,2,2026-07,2026-08,False
NBHWF1,2021,FY21-22,0.0877,2.0-proxy,336642.0,10,2021-09,2022-06,False
NBHWF1,2022,FY22-23,0.0723,2.0-proxy,417342.0,12,2022-07,2023-06,True
NBHWF1,2023,FY23-24,0.0786,2.0-proxy,334540.0,12,2023-07,2024-06,True
NBHWF1,2024,FY24-25,0.1223,2.0-proxy,332708.0,12,2024-07,2025-06,True
NBHWF1,2025,FY25-26,0.1727,2.0-proxy,338933.0,12,2025-07,2026-06,True
NBHWF1,2026,FY26-27,0.0513,2.0-proxy,61921.0,2,2026-07,2026-08,False
NEVERSF1,2021,FY21-22,0.0388,2.0-proxy,202869.0,10,2021-09,2022-06,False
NEVERSF1,2022,FY22-23,0.0309,2.0-proxy,241340.0,12,2022-07,2023-06,True
NEVERSF1,2023,FY23-24,0.0323,2.0-proxy,243547.0,12,2023-07,2024-06,True
NEVERSF1,2024,FY24-25,0.0799,2.0-proxy,221683.0,12,2024-07,2025-06,True
NEVERSF1,2025,FY25-26,0.3177,2.0-proxy,150408.0,12,2025-07,2026-06,True
NEVERSF1,2026,FY26-27,0.1281,2.0-proxy,24068.0,2,2026-07,2026-08,False
NEWENSF1,2022,FY22-23,0.1577,2.0-proxy,13418.0,3,2023-04,2023-06,False
NEWENSF1,2023,FY23-24,0.0925,2.0-proxy,403182.0,12,2023-07,2024-06,True
NEWENSF1,2024,FY24-25,0.1397,2.0-proxy,374536.0,12,2024-07,2025-06,True
NEWENSF1,2025,FY25-26,0.0322,2.0-proxy,449658.0,12,2025-07,2026-06,True
NEWENSF1,2026,FY26-27,0.0282,2.0-proxy,53414.0,2,2026-07,2026-08,False
NEWENSF2,2022,FY22-23,0.0924,2.0-proxy,93473.0,7,2022-12,2023-06,False
NEWENSF2,2023,FY23-24,0.0987,2.0-proxy,417326.0,12,2023-07,2024-06,True
NEWENSF2,2024,FY24-25,0.1267,2.0-proxy,369155.0,12,2024-07,2025-06,True
NEWENSF2,2025,FY25-26,0.0364,2.0-proxy,435490.0,12,2025-07,2026-06,True
NEWENSF2,2026,FY26-27,0.0392,2.0-proxy,51883.0,2,2026-07,2026-08,False
NUMURSF1,2021,FY21-22,0.1986,2.0-proxy,163865.0,10,2021-09,2022-06,False
NUMURSF1,2022,FY22-23,0.3417,2.0-proxy,146904.0,12,2022-07,2023-06,True
NUMURSF1,2023,FY23-24,0.3438,2.0-proxy,150863.0,12,2023-07,2024-06,True
NUMURSF1,2024,FY24-25,0.1415,2.0-proxy,191248.0,12,2024-07,2025-06,True
NUMURSF1,2025,FY25-26,0.3003,2.0-proxy,154271.0,12,2025-07,2026-06,True
NUMURSF1,2026,FY26-27,0.1001,2.0-proxy,22528.0,2,2026-07,2026-08,False
NYNGAN1,2021,FY21-22,0.05,2.0-proxy,174278.0,10,2021-09,2022-06,False
NYNGAN1,2022,FY22-23,0.0439,2.0-proxy,208805.0,12,2022-07,2023-06,True
NYNGAN1,2023,FY23-24,0.0279,2.0-proxy,217132.0,12,2023-07,2024-06,True
NYNGAN1,2024,FY24-25,0.0393,2.0-proxy,210979.0,12,2024-07,2025-06,True
NYNGAN1,2025,FY25-26,0.3485,2.0-proxy,131794.0,12,2025-07,2026-06,True
NYNGAN1,2026,FY26-27,0.1603,2.0-proxy,25752.0,2,2026-07,2026-08,False
OAKEY1SF,2021,FY21-22,0.0944,2.0-proxy,38617.0,10,2021-09,2022-06,False
OAKEY1SF,2022,FY22-23,0.0914,2.0-proxy,48845.0,12,2022-07,2023-06,True
OAKEY1SF,2023,FY23-24,0.2336,2.0-proxy,43294.0,12,2023-07,2024-06,True
OAKEY1SF,2024,FY24-25,0.3341,2.0-proxy,36611.0,12,2024-07,2025-06,True
OAKEY1SF,2025,FY25-26,0.3606,2.0-proxy,39018.0,12,2025-07,2026-06,True
OAKEY1SF,2026,FY26-27,0.1088,2.0-proxy,7183.0,2,2026-07,2026-08,False
OAKEY2SF,2021,FY21-22,0.0495,2.0-proxy,78300.0,10,2021-09,2022-06,False
OAKEY2SF,2022,FY22-23,0.0486,2.0-proxy,109975.0,12,2022-07,2023-06,True
OAKEY2SF,2023,FY23-24,0.1782,2.0-proxy,99443.0,12,2023-07,2024-06,True
OAKEY2SF,2024,FY24-25,0.0953,2.0-proxy,108863.0,12,2024-07,2025-06,True
OAKEY2SF,2025,FY25-26,0.2702,2.0-proxy,91121.0,12,2025-07,2026-06,True
OAKEY2SF,2026,FY26-27,0.1868,2.0-proxy,14043.0,2,2026-07,2026-08,False
OAKLAND1,2021,FY21-22,0.0511,2.0-proxy,139971.0,10,2021-09,2022-06,False
OAKLAND1,2022,FY22-23,0.025,2.0-proxy,170634.0,12,2022-07,2023-06,True
OAKLAND1,2023,FY23-24,0.0606,2.0-proxy,138710.0,12,2023-07,2024-06,True
OAKLAND1,2024,FY24-25,0.0793,2.0-proxy,156115.0,12,2024-07,2025-06,True
OAKLAND1,2025,FY25-26,0.1656,2.0-proxy,153132.0,12,2025-07,2026-06,True
OAKLAND1,2026,FY26-27,0.0251,2.0-proxy,29794.0,2,2026-07,2026-08,False
PAREPS1,2022,FY22-23,0.1493,2.0-proxy,79588.0,9,2022-10,2023-06,False
PAREPS1,2023,FY23-24,0.1973,2.0-proxy,137383.0,12,2023-07,2024-06,True
PAREPS1,2024,FY24-25,0.4012,2.0-proxy,109839.0,12,2024-07,2025-06,True
PAREPS1,2025,FY25-26,0.4795,2.0-proxy,90577.0,12,2025-07,2026-06,True
PAREPS1,2026,FY26-27,0.1917,2.0-proxy,18707.0,2,2026-07,2026-08,False
PAREPW1,2021,FY21-22,0.1666,2.0-proxy,22571.0,3,2022-04,2022-06,False
PAREPW1,2022,FY22-23,0.105,2.0-proxy,570291.0,12,2022-07,2023-06,True
PAREPW1,2023,FY23-24,0.0938,2.0-proxy,611254.0,12,2023-07,2024-06,True
PAREPW1,2024,FY24-25,0.1999,2.0-proxy,545136.0,12,2024-07,2025-06,True
PAREPW1,2025,FY25-26,0.2151,2.0-proxy,523037.0,12,2025-07,2026-06,True
PAREPW1,2026,FY26-27,0.0976,2.0-proxy,46077.0,2,2026-07,2026-08,False
PARSF1,2021,FY21-22,0.1616,2.0-proxy,88244.0,10,2021-09,2022-06,False
PARSF1,2022,FY22-23,0.1818,2.0-proxy,97765.0,12,2022-07,2023-06,True
PARSF1,2023,FY23-24,0.1275,2.0-proxy,109770.0,12,2023-07,2024-06,True
PARSF1,2024,FY24-25,0.304,2.0-proxy,82752.0,12,2024-07,2025-06,True
PARSF1,2025,FY25-26,0.3263,2.0-proxy,69328.0,12,2025-07,2026-06,True
PARSF1,2026,FY26-27,0.0898,2.0-proxy,13134.0,2,2026-07,2026-08,False
QPSFB1,2025,FY25-26,0.1518,2.0-proxy,11013.0,5,2026-02,2026-06,False
QPSFB1,2026,FY26-27,0.0811,2.0-proxy,16403.0,2,2026-07,2026-08,False
RRSF1,2021,FY21-22,0.0272,2.0-proxy,231777.0,10,2021-09,2022-06,False
RRSF1,2022,FY22-23,0.0,2.0-proxy,240196.0,12,2022-07,2023-06,True
RRSF1,2023,FY23-24,0.0093,2.0-proxy,247084.0,12,2023-07,2024-06,True
RRSF1,2024,FY24-25,0.0109,2.0-proxy,238419.0,12,2024-07,2025-06,True
RRSF1,2025,FY25-26,0.0282,2.0-proxy,239526.0,12,2025-07,2026-06,True
RRSF1,2026,FY26-27,0.0481,2.0-proxy,39549.0,2,2026-07,2026-08,False
RUGBYR1,2021,FY21-22,0.0187,2.0-proxy,135877.0,10,2021-09,2022-06,False
RUGBYR1,2022,FY22-23,0.0211,2.0-proxy,163072.0,12,2022-07,2023-06,True
RUGBYR1,2023,FY23-24,0.0109,2.0-proxy,159183.0,12,2023-07,2024-06,True
RUGBYR1,2024,FY24-25,0.0786,2.0-proxy,148018.0,12,2024-07,2025-06,True
RUGBYR1,2025,FY25-26,0.2287,2.0-proxy,119374.0,12,2025-07,2026-06,True
RUGBYR1,2026,FY26-27,0.0724,2.0-proxy,22828.0,2,2026-07,2026-08,False
RYANCWF1,2024,FY24-25,0.1031,2.0-proxy,425695.0,12,2024-07,2025-06,True
RYANCWF1,2025,FY25-26,0.1504,2.0-proxy,598636.0,12,2025-07,2026-06,True
RYANCWF1,2026,FY26-27,0.0332,2.0-proxy,109737.0,2,2026-07,2026-08,False
RYEPARK1,2023,FY23-24,0.0081,2.0-proxy,449538.0,11,2023-08,2024-06,False
RYEPARK1,2024,FY24-25,0.0135,2.0-proxy,1147936.0,12,2024-07,2025-06,True
RYEPARK1,2025,FY25-26,0.0014,2.0-proxy,1184329.0,12,2025-07,2026-06,True
RYEPARK1,2026,FY26-27,0.0,2.0-proxy,195960.0,2,2026-07,2026-08,False
SALTCRK1,2021,FY21-22,0.087,2.0-proxy,117351.0,10,2021-09,2022-06,False
SALTCRK1,2022,FY22-23,0.0809,2.0-proxy,143212.0,12,2022-07,2023-06,True
SALTCRK1,2023,FY23-24,0.1702,2.0-proxy,117841.0,12,2023-07,2024-06,True
SALTCRK1,2024,FY24-25,0.2438,2.0-proxy,122714.0,12,2024-07,2025-06,True
SALTCRK1,2025,FY25-26,0.3904,2.0-proxy,105659.0,12,2025-07,2026-06,True
SALTCRK1,2026,FY26-27,0.2218,2.0-proxy,22696.0,2,2026-07,2026-08,False
SAPHWF1,2021,FY21-22,0.0013,2.0-proxy,721052.0,10,2021-09,2022-06,False
SAPHWF1,2022,FY22-23,0.0037,2.0-proxy,797195.0,12,2022-07,2023-06,True
SAPHWF1,2023,FY23-24,0.0048,2.0-proxy,696160.0,12,2023-07,2024-06,True
SAPHWF1,2024,FY24-25,0.0056,2.0-proxy,753356.0,12,2024-07,2025-06,True
SAPHWF1,2025,FY25-26,0.0102,2.0-proxy,752100.0,12,2025-07,2026-06,True
SAPHWF1,2026,FY26-27,0.0093,2.0-proxy,119049.0,2,2026-07,2026-08,False
SEBSF1,2021,FY21-22,0.0318,2.0-proxy,82131.0,8,2021-11,2022-06,False
SEBSF1,2022,FY22-23,0.0506,2.0-proxy,195246.0,12,2022-07,2023-06,True
SEBSF1,2023,FY23-24,0.1912,2.0-proxy,178594.0,12,2023-07,2024-06,True
SEBSF1,2024,FY24-25,0.2596,2.0-proxy,160067.0,12,2024-07,2025-06,True
SEBSF1,2025,FY25-26,0.2869,2.0-proxy,122571.0,12,2025-07,2026-06,True
SEBSF1,2026,FY26-27,0.061,2.0-proxy,23521.0,2,2026-07,2026-08,False
SMCSF1,2021,FY21-22,0.1929,2.0-proxy,156849.0,10,2021-09,2022-06,False
SMCSF1,2022,FY22-23,0.0222,2.0-proxy,235572.0,12,2022-07,2023-06,True
SMCSF1,2023,FY23-24,0.0152,2.0-proxy,218133.0,12,2023-07,2024-06,True
SMCSF1,2024,FY24-25,0.1003,2.0-proxy,193578.0,12,2024-07,2025-06,True
SMCSF1,2025,FY25-26,0.2371,2.0-proxy,169449.0,12,2025-07,2026-06,True
SMCSF1,2026,FY26-27,0.052,2.0-proxy,36192.0,2,2026-07,2026-08,False
SNOWNTH1,2021,FY21-22,0.0132,2.0-proxy,357979.0,10,2021-09,2022-06,False
SNOWNTH1,2022,FY22-23,0.0129,2.0-proxy,418410.0,12,2022-07,2023-06,True
SNOWNTH1,2023,FY23-24,0.0096,2.0-proxy,391476.0,12,2023-07,2024-06,True
SNOWNTH1,2024,FY24-25,0.0,2.0-proxy,453108.0,12,2024-07,2025-06,True
SNOWNTH1,2025,FY25-26,0.0011,2.0-proxy,469787.0,12,2025-07,2026-06,True
SNOWNTH1,2026,FY26-27,0.0,2.0-proxy,56298.0,2,2026-07,2026-08,False
SNOWSTH1,2021,FY21-22,0.0188,2.0-proxy,349868.0,10,2021-09,2022-06,False
SNOWSTH1,2022,FY22-23,0.0209,2.0-proxy,421673.0,12,2022-07,2023-06,True
SNOWSTH1,2023,FY23-24,0.0062,2.0-proxy,382353.0,12,2023-07,2024-06,True
SNOWSTH1,2024,FY24-25,0.0035,2.0-proxy,443799.0,12,2024-07,2025-06,True
SNOWSTH1,2025,FY25-26,0.0,2.0-proxy,459673.0,12,2025-07,2026-06,True
SNOWSTH1,2026,FY26-27,0.0015,2.0-proxy,62451.0,2,2026-07,2026-08,False
SNOWTWN1,2021,FY21-22,0.1244,2.0-proxy,259719.0,10,2021-09,2022-06,False
SNOWTWN1,2022,FY22-23,0.1343,2.0-proxy,303122.0,12,2022-07,2023-06,True
SNOWTWN1,2023,FY23-24,0.1118,2.0-proxy,298124.0,12,2023-07,2024-06,True
SNOWTWN1,2024,FY24-25,0.1863,2.0-proxy,284428.0,12,2024-07,2025-06,True
SNOWTWN1,2025,FY25-26,0.2693,2.0-proxy,263972.0,12,2025-07,2026-06,True
SNOWTWN1,2026,FY26-27,0.1031,2.0-proxy,42834.0,2,2026-07,2026-08,False
SRSF1,2021,FY21-22,0.0,2.0-proxy,123492.0,10,2021-09,2022-06,False
SRSF1,2022,FY22-23,0.0035,2.0-proxy,144535.0,12,2022-07,2023-06,True
SRSF1,2023,FY23-24,0.0097,2.0-proxy,132936.0,12,2023-07,2024-06,True
SRSF1,2024,FY24-25,0.1189,2.0-proxy,107363.0,12,2024-07,2025-06,True
SRSF1,2025,FY25-26,0.2924,2.0-proxy,102465.0,12,2025-07,2026-06,True
SRSF1,2026,FY26-27,0.0754,2.0-proxy,19631.0,2,2026-07,2026-08,False
STARHLWF,2021,FY21-22,0.0,2.0-proxy,38995.0,5,2022-02,2022-06,False
STARHLWF,2022,FY22-23,0.0,2.0-proxy,76306.0,12,2022-07,2023-06,True
STARHLWF,2023,FY23-24,0.0,2.0-proxy,69854.0,12,2023-07,2024-06,True
STARHLWF,2024,FY24-25,0.0,2.0-proxy,79670.0,12,2024-07,2025-06,True
STARHLWF,2025,FY25-26,0.0,2.0-proxy,86140.0,12,2025-07,2026-06,True
STARHLWF,2026,FY26-27,0.0,2.0-proxy,12520.0,2,2026-07,2026-08,False
STOCKYD1,2021,FY21-22,0.0485,2.0-proxy,910600.0,10,2021-09,2022-06,False
STOCKYD1,2022,FY22-23,0.1362,2.0-proxy,1505703.0,12,2022-07,2023-06,True
STOCKYD1,2023,FY23-24,0.0684,2.0-proxy,1525811.0,12,2023-07,2024-06,True
STOCKYD1,2024,FY24-25,0.0203,2.0-proxy,1786799.0,12,2024-07,2025-06,True
STOCKYD1,2025,FY25-26,0.006,2.0-proxy,1805499.0,12,2025-07,2026-06,True
STOCKYD1,2026,FY26-27,0.0062,2.0-proxy,291328.0,2,2026-07,2026-08,False
STUBSF1,2024,FY24-25,0.1422,2.0-proxy,86620.0,7,2024-12,2025-06,False
STUBSF1,2025,FY25-26,0.0987,2.0-proxy,439832.0,12,2025-07,2026-06,True
STUBSF1,2026,FY26-27,0.009,2.0-proxy,68232.0,2,2026-07,2026-08,False
STUBSF2,2024,FY24-25,0.1466,2.0-proxy,80161.0,7,2024-12,2025-06,False
STUBSF2,2025,FY25-26,0.0899,2.0-proxy,432513.0,12,2025-07,2026-06,True
STUBSF2,2026,FY26-27,0.0091,2.0-proxy,69533.0,2,2026-07,2026-08,False
STWF1,2021,FY21-22,0.0329,2.0-proxy,571883.0,10,2021-09,2022-06,False
STWF1,2022,FY22-23,0.0286,2.0-proxy,627885.0,12,2022-07,2023-06,True
STWF1,2023,FY23-24,0.0359,2.0-proxy,597931.0,12,2023-07,2024-06,True
STWF1,2024,FY24-25,0.0655,2.0-proxy,530896.0,12,2024-07,2025-06,True
STWF1,2025,FY25-26,0.0803,2.0-proxy,523147.0,12,2025-07,2026-06,True
STWF1,2026,FY26-27,0.0375,2.0-proxy,77288.0,2,2026-07,2026-08,False
SUNRSF1,2021,FY21-22,0.1917,2.0-proxy,331059.0,10,2021-09,2022-06,False
SUNRSF1,2022,FY22-23,0.1681,2.0-proxy,371642.0,12,2022-07,2023-06,True
SUNRSF1,2023,FY23-24,0.1154,2.0-proxy,428165.0,12,2023-07,2024-06,True
SUNRSF1,2024,FY24-25,0.1173,2.0-proxy,390688.0,12,2024-07,2025-06,True
SUNRSF1,2025,FY25-26,0.0942,2.0-proxy,343638.0,12,2025-07,2026-06,True
SUNRSF1,2026,FY26-27,0.0375,2.0-proxy,43940.0,2,2026-07,2026-08,False
SUNTPSF1,2021,FY21-22,0.102,2.0-proxy,162708.0,10,2021-09,2022-06,False
SUNTPSF1,2022,FY22-23,0.1222,2.0-proxy,304823.0,12,2022-07,2023-06,True
SUNTPSF1,2023,FY23-24,0.1346,2.0-proxy,272557.0,12,2023-07,2024-06,True
SUNTPSF1,2024,FY24-25,0.1216,2.0-proxy,297665.0,12,2024-07,2025-06,True
SUNTPSF1,2025,FY25-26,0.318,2.0-proxy,233541.0,12,2025-07,2026-06,True
SUNTPSF1,2026,FY26-27,0.1498,2.0-proxy,38039.0,2,2026-07,2026-08,False
TARALGA1,2021,FY21-22,0.0,2.0-proxy,228216.0,10,2021-09,2022-06,False
TARALGA1,2022,FY22-23,0.1907,2.0-proxy,236634.0,12,2022-07,2023-06,True
TARALGA1,2023,FY23-24,0.0,2.0-proxy,256322.0,12,2023-07,2024-06,True
TARALGA1,2024,FY24-25,0.0,2.0-proxy,280163.0,12,2024-07,2025-06,True
TARALGA1,2025,FY25-26,0.0,2.0-proxy,306419.0,12,2025-07,2026-06,True
TARALGA1,2026,FY26-27,0.0,2.0-proxy,54302.0,2,2026-07,2026-08,False
TB2SF1,2022,FY22-23,1.0,2.0-proxy,0.0,2,2023-05,2023-06,False
TB2SF1,2023,FY23-24,0.2449,2.0-proxy,83462.0,12,2023-07,2024-06,True
TB2SF1,2024,FY24-25,0.3167,2.0-proxy,138290.0,12,2024-07,2025-06,True
TB2SF1,2025,FY25-26,0.4574,2.0-proxy,103841.0,12,2025-07,2026-06,True
TB2SF1,2026,FY26-27,0.1301,2.0-proxy,7704.0,2,2026-07,2026-08,False
TBSF1,2021,FY21-22,0.2243,2.0-proxy,135447.0,10,2021-09,2022-06,False
TBSF1,2022,FY22-23,0.2212,2.0-proxy,143163.0,12,2022-07,2023-06,True
TBSF1,2023,FY23-24,0.272,2.0-proxy,143698.0,12,2023-07,2024-06,True
TBSF1,2024,FY24-25,0.384,2.0-proxy,129597.0,12,2024-07,2025-06,True
TBSF1,2025,FY25-26,0.5139,2.0-proxy,95270.0,12,2025-07,2026-06,True
TBSF1,2026,FY26-27,0.1073,2.0-proxy,23831.0,2,2026-07,2026-08,False
WAGGNSF1,2021,FY21-22,0.0,2.0-proxy,28617.0,10,2021-09,2022-06,False
WAGGNSF1,2022,FY22-23,0.053,2.0-proxy,54230.0,12,2022-07,2023-06,True
WAGGNSF1,2023,FY23-24,0.1714,2.0-proxy,81992.0,12,2023-07,2024-06,True
WAGGNSF1,2024,FY24-25,0.2655,2.0-proxy,77886.0,12,2024-07,2025-06,True
WAGGNSF1,2025,FY25-26,0.2635,2.0-proxy,76941.0,12,2025-07,2026-06,True
WAGGNSF1,2026,FY26-27,0.0672,2.0-proxy,10776.0,2,2026-07,2026-08,False
WAMBOWF1,2024,FY24-25,0.002,2.0-proxy,540.0,1,2025-06,2025-06,False
WAMBOWF1,2025,FY25-26,0.0038,2.0-proxy,428520.0,12,2025-07,2026-06,True
WAMBOWF1,2026,FY26-27,0.0024,2.0-proxy,82979.0,2,2026-07,2026-08,False
WAMBOWF2,2025,FY25-26,0.0,2.0-proxy,3024.0,3,2026-04,2026-06,False
WAMBOWF2,2026,FY26-27,0.0128,2.0-proxy,8265.0,2,2026-07,2026-08,False
WANDSF1,2022,FY22-23,0.3185,2.0-proxy,1189.0,2,2023-05,2023-06,False
WANDSF1,2023,FY23-24,0.1723,2.0-proxy,192058.0,12,2023-07,2024-06,True
WANDSF1,2024,FY24-25,0.1974,2.0-proxy,255099.0,12,2024-07,2025-06,True
WANDSF1,2025,FY25-26,0.3746,2.0-proxy,190354.0,12,2025-07,2026-06,True
WANDSF1,2026,FY26-27,0.2326,2.0-proxy,37053.0,2,2026-07,2026-08,False
WANDSF2,2026,FY26-27,0.2891,2.0-proxy,7830.0,2,2026-07,2026-08,False
WARWSF1,2021,FY21-22,0.0,2.0-proxy,23793.0,9,2021-09,2022-06,False
WARWSF1,2022,FY22-23,0.021,2.0-proxy,53864.0,12,2022-07,2023-06,True
WARWSF1,2023,FY23-24,0.3233,2.0-proxy,46825.0,12,2023-07,2024-06,True
WARWSF1,2024,FY24-25,0.39,2.0-proxy,42607.0,12,2024-07,2025-06,True
WARWSF1,2025,FY25-26,0.5008,2.0-proxy,32957.0,12,2025-07,2026-06,True
WARWSF1,2026,FY26-27,0.2355,2.0-proxy,5642.0,2,2026-07,2026-08,False
WARWSF2,2021,FY21-22,0.0,2.0-proxy,22395.0,9,2021-09,2022-06,False
WARWSF2,2022,FY22-23,0.02,2.0-proxy,51497.0,12,2022-07,2023-06,True
WARWSF2,2023,FY23-24,0.3301,2.0-proxy,45635.0,12,2023-07,2024-06,True
WARWSF2,2024,FY24-25,0.394,2.0-proxy,41407.0,12,2024-07,2025-06,True
WARWSF2,2025,FY25-26,0.5044,2.0-proxy,31779.0,12,2025-07,2026-06,True
WARWSF2,2026,FY26-27,0.292,2.0-proxy,4824.0,2,2026-07,2026-08,False
WATERLWF,2021,FY21-22,0.0234,2.0-proxy,290234.0,10,2021-09,2022-06,False
WATERLWF,2022,FY22-23,0.0365,2.0-proxy,359244.0,12,2022-07,2023-06,True
WATERLWF,2023,FY23-24,0.0232,2.0-proxy,299917.0,12,2023-07,2024-06,True
WATERLWF,2024,FY24-25,0.0205,2.0-proxy,370316.0,12,2024-07,2025-06,True
WATERLWF,2025,FY25-26,0.0109,2.0-proxy,372082.0,12,2025-07,2026-06,True
WATERLWF,2026,FY26-27,0.0056,2.0-proxy,62581.0,2,2026-07,2026-08,False
WDGPH1,2021,FY21-22,0.4821,2.0-proxy,9716.0,5,2021-11,2022-06,False
WDGPH1,2022,FY22-23,0.0636,2.0-proxy,556582.0,12,2022-07,2023-06,True
WDGPH1,2023,FY23-24,0.2114,2.0-proxy,799059.0,12,2023-07,2024-06,True
WDGPH1,2024,FY24-25,0.1745,2.0-proxy,840021.0,12,2024-07,2025-06,True
WDGPH1,2025,FY25-26,0.0309,2.0-proxy,1043109.0,12,2025-07,2026-06,True
WDGPH1,2026,FY26-27,0.0024,2.0-proxy,149858.0,2,2026-07,2026-08,False
WELLSF1,2021,FY21-22,0.0425,2.0-proxy,276936.0,10,2021-09,2022-06,False
WELLSF1,2022,FY22-23,0.0383,2.0-proxy,354783.0,12,2022-07,2023-06,True
WELLSF1,2023,FY23-24,0.0324,2.0-proxy,382469.0,12,2023-07,2024-06,True
WELLSF1,2024,FY24-25,0.0317,2.0-proxy,368564.0,12,2024-07,2025-06,True
WELLSF1,2025,FY25-26,0.0932,2.0-proxy,337199.0,12,2025-07,2026-06,True
WELLSF1,2026,FY26-27,0.1158,2.0-proxy,40478.0,2,2026-07,2026-08,False
WELNSF1,2023,FY23-24,0.0,2.0-proxy,2638.0,2,2024-05,2024-06,False
WELNSF1,2024,FY24-25,0.0657,2.0-proxy,738010.0,12,2024-07,2025-06,True
WELNSF1,2025,FY25-26,0.0285,2.0-proxy,739062.0,12,2025-07,2026-06,True
WELNSF1,2026,FY26-27,0.0081,2.0-proxy,93290.0,2,2026-07,2026-08,False
WEMENSF1,2021,FY21-22,0.391,2.0-proxy,92141.0,10,2021-09,2022-06,False
WEMENSF1,2022,FY22-23,0.2175,2.0-proxy,159574.0,12,2022-07,2023-06,True
WEMENSF1,2023,FY23-24,0.3585,2.0-proxy,122055.0,12,2023-07,2024-06,True
WEMENSF1,2024,FY24-25,0.2739,2.0-proxy,148822.0,12,2024-07,2025-06,True
WEMENSF1,2025,FY25-26,0.1689,2.0-proxy,172586.0,12,2025-07,2026-06,True
WEMENSF1,2026,FY26-27,0.097,2.0-proxy,19710.0,2,2026-07,2026-08,False
WGWF1,2021,FY21-22,0.0487,2.0-proxy,309781.0,10,2021-09,2022-06,False
WGWF1,2022,FY22-23,0.1094,2.0-proxy,350141.0,12,2022-07,2023-06,True
WGWF1,2023,FY23-24,0.1018,2.0-proxy,300403.0,12,2023-07,2024-06,True
WGWF1,2024,FY24-25,0.0432,2.0-proxy,356970.0,12,2024-07,2025-06,True
WGWF1,2025,FY25-26,0.0337,2.0-proxy,354188.0,12,2025-07,2026-06,True
WGWF1,2026,FY26-27,0.0069,2.0-proxy,58907.0,2,2026-07,2026-08,False
WHITSF1,2021,FY21-22,0.1514,2.0-proxy,91801.0,10,2021-09,2022-06,False
WHITSF1,2022,FY22-23,0.2315,2.0-proxy,92131.0,12,2022-07,2023-06,True
WHITSF1,2023,FY23-24,0.3193,2.0-proxy,76684.0,12,2023-07,2024-06,True
WHITSF1,2024,FY24-25,0.3037,2.0-proxy,78856.0,12,2024-07,2025-06,True
WHITSF1,2025,FY25-26,0.3556,2.0-proxy,74788.0,12,2025-07,2026-06,True
WHITSF1,2026,FY26-27,0.1338,2.0-proxy,12812.0,2,2026-07,2026-08,False
WINTSF1,2021,FY21-22,0.0907,2.0-proxy,144406.0,10,2021-09,2022-06,False
WINTSF1,2022,FY22-23,0.1546,2.0-proxy,149390.0,12,2022-07,2023-06,True
WINTSF1,2023,FY23-24,0.2487,2.0-proxy,146461.0,12,2023-07,2024-06,True
WINTSF1,2024,FY24-25,0.1095,2.0-proxy,126791.0,11,2024-07,2025-06,False
WINTSF1,2025,FY25-26,0.0809,2.0-proxy,170744.0,12,2025-07,2026-06,True
WINTSF1,2026,FY26-27,0.0078,2.0-proxy,19113.0,2,2026-07,2026-08,False
WLWLSF1,2024,FY24-25,0.1015,2.0-proxy,165699.0,9,2024-10,2025-06,False
WLWLSF1,2025,FY25-26,0.3037,2.0-proxy,220732.0,12,2025-07,2026-06,True
WLWLSF1,2026,FY26-27,0.2968,2.0-proxy,23221.0,2,2026-07,2026-08,False
WLWLSF2,2024,FY24-25,0.0848,2.0-proxy,165438.0,9,2024-10,2025-06,False
WLWLSF2,2025,FY25-26,0.3105,2.0-proxy,217075.0,12,2025-07,2026-06,True
WLWLSF2,2026,FY26-27,0.2943,2.0-proxy,23132.0,2,2026-07,2026-08,False
WOLARSF1,2024,FY24-25,0.2051,2.0-proxy,54114.0,7,2024-12,2025-06,False
WOLARSF1,2025,FY25-26,0.0122,2.0-proxy,569229.0,12,2025-07,2026-06,True
WOLARSF1,2026,FY26-27,0.004,2.0-proxy,76908.0,2,2026-07,2026-08,False
WOODLWN1,2021,FY21-22,0.0102,2.0-proxy,117982.0,10,2021-09,2022-06,False
WOODLWN1,2022,FY22-23,0.0062,2.0-proxy,144454.0,12,2022-07,2023-06,True
WOODLWN1,2023,FY23-24,0.0161,2.0-proxy,113111.0,12,2023-07,2024-06,True
WOODLWN1,2024,FY24-25,0.0304,2.0-proxy,125227.0,12,2024-07,2025-06,True
WOODLWN1,2025,FY25-26,0.021,2.0-proxy,149549.0,12,2025-07,2026-06,True
WOODLWN1,2026,FY26-27,0.0,2.0-proxy,25207.0,2,2026-07,2026-08,False
WOOLGSF1,2021,FY21-22,0.1979,2.0-proxy,5387.0,2,2022-05,2022-06,False
WOOLGSF1,2022,FY22-23,0.0763,2.0-proxy,211164.0,12,2022-07,2023-06,True
WOOLGSF1,2023,FY23-24,0.1712,2.0-proxy,328608.0,12,2023-07,2024-06,True
WOOLGSF1,2024,FY24-25,0.2353,2.0-proxy,295445.0,12,2024-07,2025-06,True
WOOLGSF1,2025,FY25-26,0.0663,2.0-proxy,368117.0,12,2025-07,2026-06,True
WOOLGSF1,2026,FY26-27,0.1981,2.0-proxy,41978.0,2,2026-07,2026-08,False
WPWF,2021,FY21-22,0.0262,2.0-proxy,157611.0,7,2021-12,2022-06,False
WPWF,2022,FY22-23,0.0973,2.0-proxy,235606.0,12,2022-07,2023-06,True
WPWF,2023,FY23-24,0.0915,2.0-proxy,222363.0,12,2023-07,2024-06,True
WPWF,2024,FY24-25,0.1686,2.0-proxy,204655.0,12,2024-07,2025-06,True
WPWF,2025,FY25-26,0.2012,2.0-proxy,203929.0,12,2025-07,2026-06,True
WPWF,2026,FY26-27,0.0469,2.0-proxy,26992.0,2,2026-07,2026-08,False
WRSF1,2021,FY21-22,0.0459,2.0-proxy,28381.0,10,2021-09,2022-06,False
WRSF1,2022,FY22-23,0.0295,2.0-proxy,27676.0,12,2022-07,2023-06,True
WRSF1,2023,FY23-24,0.0656,2.0-proxy,37337.0,12,2023-07,2024-06,True
WRSF1,2024,FY24-25,0.0653,2.0-proxy,28379.0,12,2024-07,2025-06,True
WRSF1,2025,FY25-26,0.0303,2.0-proxy,36454.0,12,2025-07,2026-06,True
WRSF1,2026,FY26-27,0.0355,2.0-proxy,4567.0,2,2026-07,2026-08,False
WRWF1,2021,FY21-22,0.0253,2.0-proxy,446280.0,10,2021-09,2022-06,False
WRWF1,2022,FY22-23,0.0399,2.0-proxy,493949.0,12,2022-07,2023-06,True
WRWF1,2023,FY23-24,0.0293,2.0-proxy,432252.0,12,2023-07,2024-06,True
WRWF1,2024,FY24-25,0.0579,2.0-proxy,464230.0,12,2024-07,2025-06,True
WRWF1,2025,FY25-26,0.06,2.0-proxy,479970.0,12,2025-07,2026-06,True
WRWF1,2026,FY26-27,0.0211,2.0-proxy,62334.0,2,2026-07,2026-08,False
WSTWYSF1,2022,FY22-23,0.0449,2.0-proxy,61240.0,10,2022-09,2023-06,False
WSTWYSF1,2023,FY23-24,0.1527,2.0-proxy,189621.0,12,2023-07,2024-06,True
WSTWYSF1,2024,FY24-25,0.1993,2.0-proxy,171340.0,12,2024-07,2025-06,True
WSTWYSF1,2025,FY25-26,0.1423,2.0-proxy,176788.0,12,2025-07,2026-06,True
WSTWYSF1,2026,FY26-27,0.0429,2.0-proxy,22299.0,2,2026-07,2026-08,False
WUNUSF1,2024,FY24-25,0.1429,2.0-proxy,55563.0,8,2024-11,2025-06,False
WUNUSF1,2025,FY25-26,0.3914,2.0-proxy,92507.0,12,2025-07,2026-06,True
WUNUSF1,2026,FY26-27,0.1227,2.0-proxy,15661.0,2,2026-07,2026-08,False
WYASF1,2022,FY22-23,1.0,2.0-proxy,0.0,1,2023-06,2023-06,False
WYASF1,2023,FY23-24,0.2305,2.0-proxy,82182.0,12,2023-07,2024-06,True
WYASF1,2024,FY24-25,0.2072,2.0-proxy,105382.0,12,2024-07,2025-06,True
WYASF1,2025,FY25-26,0.1731,2.0-proxy,109740.0,12,2025-07,2026-06,True
WYASF1,2026,FY26-27,0.0817,2.0-proxy,15740.0,2,2026-07,2026-08,False
YARANSF1,2021,FY21-22,0.169,2.0-proxy,169038.0,10,2021-09,2022-06,False
YARANSF1,2022,FY22-23,0.1341,2.0-proxy,216877.0,12,2022-07,2023-06,True
YARANSF1,2023,FY23-24,0.0441,2.0-proxy,204428.0,12,2023-07,2024-06,True
YARANSF1,2024,FY24-25,0.1371,2.0-proxy,182487.0,12,2024-07,2025-06,True
YARANSF1,2025,FY25-26,0.2322,2.0-proxy,159632.0,12,2025-07,2026-06,True
YARANSF1,2026,FY26-27,0.201,2.0-proxy,24356.0,2,2026-07,2026-08,False
YATSF1,2021,FY21-22,0.2091,2.0-proxy,122062.0,10,2021-09,2022-06,False
YATSF1,2022,FY22-23,0.1761,2.0-proxy,152584.0,12,2022-07,2023-06,True
YATSF1,2023,FY23-24,0.3372,2.0-proxy,127398.0,12,2023-07,2024-06,True
YATSF1,2024,FY24-25,0.2487,2.0-proxy,130140.0,12,2024-07,2025-06,True
YATSF1,2025,FY25-26,0.2407,2.0-proxy,130826.0,12,2025-07,2026-06,True
YATSF1,2026,FY26-27,0.0384,2.0-proxy,13693.0,2,2026-07,2026-08,False
YENDWF1,2021,FY21-22,0.0853,2.0-proxy,245898.0,10,2021-09,2022-06,False
YENDWF1,2022,FY22-23,0.1161,2.0-proxy,336795.0,12,2022-07,2023-06,True
YENDWF1,2023,FY23-24,0.152,2.0-proxy,296813.0,12,2023-07,2024-06,True
YENDWF1,2024,FY24-25,0.1684,2.0-proxy,320483.0,12,2024-07,2025-06,True
YENDWF1,2025,FY25-26,0.2921,2.0-proxy,282179.0,12,2025-07,2026-06,True
YENDWF1,2026,FY26-27,0.0327,2.0-proxy,64732.0,2,2026-07,2026-08,False
